Bottleneck residues:, Residues in distance <= 3.0 A from the bottleneck, sorted from the closest.
Snapshot,Tunnel cluster,Tunnel,Throughput,Cost,Bottleneck X,Bottleneck Y,Bottleneck Z,Bottleneck R,Bottleneck residues
1.pdb,1,1,0.506891916345032,0.6794574808690429,12.118664939981242,-2.5197769337709643,6.913469620199047,1.0175823126324894,X:146,X:142,X:173,X:242,X:169,X:138,X:141,X:145
2.pdb,1,1,0.5606546387229536,0.5786501802791825,12.846516140106692,-2.6703292384799506,7.132825592070535,1.1391447787099478,X:146,X:142,X:173,X:169,X:138,X:141,X:242,X:145,X:172,X:139
3.pdb,1,1,0.4853205622600236,0.7229456532645121,11.286852107624883,-4.438580374810811,6.008587158099885,1.0000214898101147,X:169,X:173,X:146,X:170,X:165,X:172,X:149,X:168,X:270,X:142,X:242
4.pdb,1,1,0.6505515970820588,0.42993466506362843,11.603796558495675,-3.9059479733929305,6.012936984129496,1.4133005877814198,X:169,X:146,X:173,X:142,X:242,X:149,X:165,X:172,X:170,X:145,X:270,X:269
5.pdb,1,1,0.498668575657042,0.6958135809338964,11.480093561525074,-3.8313542336412945,5.767811583219762,1.0066696759120755,X:169,X:146,X:173,X:142,X:149,X:172,X:170,X:242,X:165,X:270,X:269,X:145,X:168
6.pdb,1,1,0.6709463680193162,0.39906607364109353,10.595929860672506,-2.350152185467398,6.056039891243931,1.6901136713650466,X:146,X:242,X:173,X:165,X:169,X:269,X:142,X:138,X:270,X:141,X:149,X:243
7.pdb,1,1,0.6249304479784616,0.47011491867263544,13.63078503526334,-4.913648841911581,7.1413142783724775,1.4180373311214962,X:172,X:142,X:169,X:141,X:146,X:173,X:145,X:168,X:170
8.pdb,1,1,0.6084051373665729,0.4969142745718794,11.14922293494692,-3.6807564766522676,4.87922598362756,1.2117374165859276,X:146,X:169,X:173,X:165,X:149,X:242,X:142,X:269,X:170,X:270
9.pdb,1,1,0.6076096636307939,0.4982226037938525,12.599587779233572,-3.045545420791689,6.881168222060122,1.2283487797543715,X:142,X:146,X:173,X:169,X:141,X:242,X:172,X:149,X:145,X:138
10.pdb,1,2,0.4121034013905126,0.886480986872562,12.597024015052257,-2.533968765318449,7.052406960286752,0.909521375716815,X:142,X:146,X:173,X:242,X:169,X:138,X:141,X:145,X:172,X:149,X:139
11.pdb,1,1,0.644417499033205,0.43940847250301207,11.307816862643733,-3.299101781106255,6.301853401810121,1.4042753343243601,X:173,X:146,X:169,X:242,X:142,X:172,X:141,X:165,X:269,X:149,X:270,X:170
12.pdb,1,1,0.6031080131925758,0.5056589719403147,11.270199511806226,-3.0232205220240163,5.569814462625274,1.363448459901966,X:146,X:169,X:173,X:165,X:242,X:142,X:149,X:172,X:145,X:138,X:170,X:270
13.pdb,1,1,0.5757609086243866,0.5520627936533858,12.959449665651508,-3.2220096370687443,6.428917162237473,1.2518445609049886,X:146,X:141,X:142,X:169,X:173,X:145,X:172,X:138,X:149
14.pdb,1,1,0.6130878801983224,0.48924699247555936,12.883148083398437,-2.9913704661959066,7.260505942177092,1.427501130112874,X:142,X:146,X:173,X:141,X:172,X:169,X:138,X:242,X:145,X:149
15.pdb,1,1,0.6041102738487202,0.5039985251144516,12.31898677226107,-3.288961194666866,6.9122892537509255,1.2404768469167682,X:146,X:173,X:142,X:172,X:169,X:138,X:242,X:269,X:270
16.pdb,1,1,0.6162110897597977,0.4841656959678856,11.206865892881831,-3.435736783479988,5.6144281707389005,1.4007569558763249,X:169,X:146,X:173,X:138,X:142,X:270,X:172,X:165,X:170,X:141,X:242,X:149,X:269
17.pdb,1,1,0.6442230503722873,0.4397102613338589,11.755495947927058,-1.2749695685183084,5.933437340259896,1.6265647492839628,X:146,X:173,X:138,X:242,X:142,X:169,X:141,X:139,X:149,X:269,X:243,X:165
18.pdb,1,1,0.6367965657475323,0.4513050374509089,11.74489014810273,-1.409726997890893,5.771644097143021,1.4934625203731902,X:173,X:138,X:146,X:242,X:142,X:169,X:141,X:139,X:165,X:269
19.pdb,1,1,0.7400975637155249,0.30097325861561,13.422012621145365,-4.298405168704127,6.2806162445411395,1.6476409960992584,X:146,X:142,X:169,X:141,X:173,X:145,X:172,X:138,X:168,X:149,X:170,X:165
20.pdb,1,1,0.5916826423052974,0.5247848650258773,10.996009382244836,-2.890020808007349,5.56148228287517,1.2453886781205956,X:173,X:169,X:146,X:141,X:138,X:142,X:242,X:165,X:270,X:149,X:269,X:170,X:172
21.pdb,1,1,0.5786433478202674,0.5470689707875401,12.715398947108246,-2.574389993363726,7.243592679823539,1.3866523635453831,X:146,X:142,X:173,X:172,X:242,X:138,X:141,X:169,X:145,X:139,X:149
22.pdb,1,1,0.577114238966571,0.5497150442606891,11.276002813342913,-3.2820641881078667,5.164636060586613,1.42920370097241,X:146,X:173,X:169,X:149,X:165,X:270,X:138,X:242,X:142,X:269,X:172,X:170
23.pdb,1,1,0.5847455252899629,0.5365785258943483,15.051354338695074,-6.023362530192522,6.689826298791277,1.3346101572809956,X:169,X:172,X:145,X:142,X:168,X:141,X:146,X:149,X:173,X:170,X:164
24.pdb,1,1,0.7027027741557917,0.3528212729395055,18.14462508761621,-5.815676890019589,8.95975913836701,1.7441511520258521,X:172,X:145,X:141,X:142
25.pdb,1,1,0.5833047729298626,0.5390454626229649,12.656820735436876,-2.900697001898378,7.093131529687443,1.1277932736784775,X:146,X:142,X:173,X:141,X:169,X:138,X:139,X:145,X:242
26.pdb,1,1,0.6392532825725352,0.4474545297868172,12.000887652493722,-2.1806669990865943,6.928053115664406,1.420253381047594,X:146,X:142,X:173,X:141,X:169,X:242,X:138,X:145,X:139,X:172
27.pdb,1,1,0.6500277004884055,0.4307403008644875,15.782434736800461,-6.150189068743337,4.711190360591424,1.4933208123345107,X:149,X:169,X:145,X:172,X:164,X:168,X:146,X:165,X:142,X:141
28.pdb,1,1,0.6540924856843162,0.4245065221037125,13.591276315349726,-4.273510366414183,5.937281761359511,1.3834350255123706,X:172,X:146,X:169,X:145,X:173,X:142,X:149,X:168,X:141,X:170,X:165
29.pdb,1,1,0.6938291641615906,0.36552950992840744,11.25659607971396,-1.5363009858692431,6.487162235948841,1.7911519169392205,X:146,X:242,X:173,X:142,X:141,X:138,X:169,X:269,X:139,X:165,X:149,X:172
30.pdb,1,1,0.7591849461564673,0.2755098604440359,12.224370570123202,-1.5627538802452239,7.234519525848763,1.7795878172215847,X:146,X:142,X:173,X:141,X:242,X:169,X:139,X:138,X:145,X:269
31.pdb,1,1,0.8440716959919781,0.16951784013625096,9.30843266832863,-0.3844049466702769,1.5770944490968295,2.327376781228815,X:146,X:165,X:38,X:103,X:206,X:138,X:104,X:203,X:269,X:202,X:270,X:243,X:129,X:39,X:149,X:169
32.pdb,1,1,0.6534370182348241,0.42550912663758267,12.031255157441624,-3.628325303061645,5.283267451149175,1.5583839231160301,X:146,X:173,X:169,X:149,X:165,X:145,X:142,X:270,X:170,X:242,X:172,X:141
33.pdb,1,1,0.6289994981376709,0.46362482015535206,11.496098387618547,-3.464387179523248,6.04798742910621,1.2957900920287628,X:173,X:146,X:169,X:142,X:165,X:270,X:149,X:242,X:172,X:145,X:138,X:269,X:170
34.pdb,1,1,0.6060450411807806,0.5008009702939907,15.060296744486127,-5.509835810220217,4.936980416609264,1.2924464949806447,X:169,X:172,X:145,X:149,X:146,X:142,X:168,X:164,X:165
35.pdb,1,1,0.5428030877069596,0.6110086625575735,17.649538488517734,-5.650284731553228,8.309530233849502,1.23888577231257,X:172,X:145,X:141,X:142,X:144,X:143
36.pdb,1,1,0.6732750309126261,0.3956013687574579,8.130435915325533,-0.3930967411425069,0.9464628081681841,1.6051259734743557,X:38,X:146,X:103,X:104,X:165,X:206,X:269,X:270,X:202,X:129,X:138,X:39,X:243,X:203,X:37
37.pdb,1,1,0.6812892385524209,0.38376833678826394,13.601459767204801,-3.789212154539099,7.33614375790788,1.7985000193984602,X:142,X:145,X:173,X:169,X:146,X:172,X:138,X:242,X:141,X:165,X:149,X:143
38.pdb,1,1,0.6066486663116063,0.4998054589345307,10.895495978852551,-1.6249908242750772,7.061449288763175,1.3224172422565499,X:242,X:146,X:173,X:142,X:138,X:269,X:141
39.pdb,1,1,0.5149647167160464,0.6636568918963803,12.804572476050796,-3.18161477905254,6.770113627664397,1.2494439964430117,X:142,X:146,X:141,X:173,X:169,X:138,X:172,X:139,X:145,X:242
40.pdb,1,1,0.6011444086977829,0.5089200926145663,15.042782236004115,-6.159596184637746,6.657348187029055,1.4266773202971776,X:172,X:169,X:145,X:142,X:141,X:168,X:146,X:173,X:149,X:164,X:170
41.pdb,1,1,0.5705304930141347,0.5611886614780023,14.651300372471738,-5.621955189092892,7.023840383921723,1.2630993410636455,X:169,X:172,X:145,X:173,X:142,X:141,X:168,X:149,X:170
42.pdb,1,1,0.6410750791060059,0.44460870082993337,8.152953407921908,-2.7433782824165807,3.6459391447238554,1.5996490359619855,X:165,X:269,X:270,X:146,X:38,X:103,X:169,X:39,X:243,X:173,X:170,X:102
43.pdb,1,1,0.659864609062401,0.4157206027895401,11.947873097305013,-3.8764210252210107,5.913531211080855,1.6069633288575982,X:169,X:146,X:173,X:149,X:145,X:142,X:242,X:270,X:172,X:170,X:165
44.pdb,1,1,0.6250085807006669,0.46998990021891207,11.571267053325991,-1.5550460581785925,9.939099768497197,1.2666123640453881,X:142,X:242,X:173,X:141,X:172,X:269,X:268,X:146,X:139
45.pdb,1,1,0.590718301657498,0.52641602214993,13.906178526589137,-4.723955062557572,6.719273734991678,1.3467175627514092,X:146,X:169,X:172,X:142,X:145,X:149,X:173,X:168,X:141,X:170
46.pdb,1,1,0.5496580780628838,0.5984588703257283,15.05369304506388,-6.513351994359917,5.697820442391251,1.275849299622127,X:145,X:172,X:169,X:149,X:168,X:164,X:173,X:165,X:146,X:170
47.pdb,1,1,0.6288809636279473,0.4638132872055645,11.390554579085013,-3.5863023321815115,5.79068555184767,1.4209246310950576,X:146,X:169,X:173,X:142,X:149,X:172,X:270,X:145,X:242,X:170,X:165,X:269
48.pdb,1,1,0.6397725883967234,0.4466424964034264,15.920664469016415,-6.238390735741418,7.018857760491938,1.455345846126484,X:172,X:145,X:169,X:149,X:142,X:168,X:141,X:146
49.pdb,1,1,0.6447909003096235,0.4388292003123403,11.598501647260399,-3.146109692031692,5.750565549850578,1.4751035974207782,X:173,X:169,X:146,X:142,X:172,X:242,X:149,X:165,X:145,X:270,X:141,X:170
50.pdb,1,1,0.7018406055238233,0.35404895839619016,11.966718007309488,-3.2584349215548576,6.002379689235511,1.7757768850829228,X:146,X:169,X:173,X:142,X:172,X:141,X:242,X:165,X:145,X:149,X:138,X:170,X:270
2.pdb,2,2,0.3903684537375222,0.9406642326837067,12.25556376767269,2.139762524143306,7.567909274063007,0.9725320705417635,X:139,X:242,X:138,X:142,X:243,X:141
3.pdb,2,2,0.45676160854758585,0.7835936685076672,10.33066870109389,6.602021419139998,4.6650686684738,1.1328010750407247,X:132,X:138,X:243,X:206,X:130,X:208,X:139,X:129,X:128
4.pdb,2,2,0.4524942575281363,0.7929802064682371,9.370215404137804,4.886657515082697,2.955487731910471,1.0374708092975855,X:243,X:206,X:138,X:129,X:130,X:132,X:128
5.pdb,2,2,0.3174581948181445,1.1474091391827401,8.919609688614456,4.738050861165356,2.7127854478553193,0.982762019550355,X:243,X:206,X:138,X:129,X:130,X:146,X:132,X:207,X:103,X:128,X:208
6.pdb,2,2,0.48447900907146785,0.724681173519759,11.831380863635383,3.481905960010762,7.477213163975753,1.2178014143604348,X:139,X:243,X:242,X:138,X:142,X:137
7.pdb,2,2,0.4220768643314404,0.8625678385666425,10.63610246157142,1.486270778181312,6.138113587992146,0.9590309236704264,X:242,X:243,X:138,X:139,X:142,X:146
8.pdb,2,2,0.3858563497790055,0.9522901296142041,11.29063691586553,0.5645793652245218,6.079335381009366,1.0219813916540164,X:138,X:242,X:146,X:142,X:243,X:173,X:139
9.pdb,2,2,0.57955690320734,0.5454914273951579,10.851822341807374,2.9128384862320402,5.764617885734778,1.2090388916174095,X:243,X:242,X:138,X:139,X:206,X:132,X:208,X:269,X:146
10.pdb,2,1,0.4453196564874614,0.8089629255055142,9.986078381343827,6.724192983247355,4.611014121018617,0.9218711936665642,X:132,X:243,X:138,X:208,X:130,X:206,X:129,X:128
11.pdb,2,2,0.5034731549769548,0.6862248850732052,11.041115335414645,2.2225320239471755,6.617454481132315,0.9474349881571469,X:243,X:242,X:138,X:142,X:139,X:146
12.pdb,2,2,0.4785262845704021,0.7370441384161767,11.577203974188228,2.221739251828682,6.521628582908912,0.9452878807881244,X:242,X:138,X:243,X:139,X:142,X:146
13.pdb,2,2,0.48594340068492187,0.7216631213596225,11.727755050012663,4.627677272485251,6.898936496453722,1.023676440813966,X:139,X:243,X:138,X:132,X:242,X:137
16.pdb,2,2,0.415342087870171,0.8786527901858979,11.606965998202538,1.610737980287804,7.162045418409635,1.0009816759785266,X:242,X:139,X:138,X:243,X:142,X:173,X:146,X:137
23.pdb,2,2,0.5253698839762864,0.643652723555735,11.34150664614663,4.152515857285828,6.854192064832509,1.1789903473115098,X:243,X:139,X:138,X:242,X:132,X:137,X:208,X:142
24.pdb,2,2,0.6128638659829939,0.489612446040138,10.534558478985126,3.1201039666467127,6.009133693461877,1.199886724094062,X:242,X:243,X:138,X:139,X:206,X:132,X:146,X:269
26.pdb,2,2,0.47367911609691793,0.7472251567945621,10.042251795109332,2.048231637616895,5.562902014843385,1.0152556166800253,X:243,X:138,X:242,X:139,X:206,X:146,X:269
27.pdb,2,2,0.5291522381562803,0.6364791037314579,11.25427511029659,5.173023258709881,6.98492565238584,1.0155473375391784,X:139,X:243,X:138,X:242,X:132,X:142,X:137
30.pdb,2,2,0.6736516641720965,0.3950421204024269,10.818023015718312,6.805779835729846,9.30940842665907,1.483643372747627,X:139,X:130,X:242,X:243,X:132,X:137,X:138,X:245,X:141,X:244
31.pdb,2,2,0.4968625671124451,0.6994418160502328,10.858137892539293,5.659662232741068,7.799644635391687,0.917083490718879,X:243,X:139,X:242,X:138,X:132,X:137,X:130,X:245
35.pdb,2,2,0.4623885478128056,0.771349728771491,11.716879237120432,5.612312054984044,7.885470930414135,1.0283597278089756,X:139,X:138,X:243,X:132,X:242,X:137,X:130
37.pdb,2,2,0.3272997063625651,1.1168789946261377,8.25854128814216,5.35080149283392,2.7486985138240954,1.0066256432654253,X:206,X:243,X:129,X:138,X:130,X:132,X:103,X:207,X:128
38.pdb,2,2,0.3644214187213347,1.0094443372739297,9.528319532101126,4.910382102317763,2.5464693845500745,1.0556286674093214,X:243,X:138,X:206,X:129,X:130,X:207,X:132,X:208,X:103,X:128
41.pdb,2,2,0.5262047228447692,0.6420649350365784,8.891836338426375,3.639541993789403,2.557537564140106,1.191181162682757,X:243,X:206,X:138,X:129,X:103,X:208,X:207,X:146,X:269,X:104
43.pdb,2,3,0.4204324535118429,0.8664714462132739,9.473345248533144,5.01411473306332,2.89908412007053,1.0588858156736525,X:243,X:138,X:206,X:129,X:208,X:130,X:132,X:128
44.pdb,2,2,0.5623673021207155,0.5756000800750259,10.882915036138504,6.220226382565757,8.166585768360118,1.2396650023448343,X:243,X:139,X:130,X:242,X:132,X:138,X:245,X:137,X:244
45.pdb,2,2,0.5246207757186773,0.6450796093623679,11.031140848655209,2.1948202881757535,6.448297547908059,0.9162204130923775,X:243,X:242,X:138,X:139,X:146
48.pdb,2,2,0.4750359795982071,0.7443647312935776,10.849523240853333,5.609789653678863,7.474926439819944,1.1286396429249217,X:243,X:139,X:242,X:138,X:132,X:130,X:245,X:137,X:244
50.pdb,2,2,0.5624392531502908,0.57547214513486,10.873347880737697,2.2654587111874718,6.710934688601967,1.1310899727831119,X:242,X:138,X:243,X:139,X:142,X:146,X:141
32.pdb,3,2,0.4409048416313722,0.818926205432514,12.604601457229448,-4.356301166154652,2.1777204136951145,0.9388096233039984,X:169,X:149,X:165,X:146,X:159,X:145,X:203,X:170
43.pdb,3,2,0.4443049718591067,0.8112440787830414,13.226079001822587,-5.957024724603102,2.263001122827314,0.954492810756151,X:149,X:169,X:165,X:164,X:159,X:170,X:146
49.pdb,3,2,0.3781552637099411,0.972450417142066,13.603893693347063,-6.0081981437685235,1.34687641593635,0.9078035369175412,X:165,X:149,X:169,X:159,X:164,X:166
45.pdb,4,3,0.33479385579983817,1.0942402923875494,8.77265994775766,10.737210336569806,-0.09021964722895898,0.9261225464302638,X:207,X:219,X:130,X:131,X:129,X:132,X:216,X:206
18.pdb,5,2,0.20649055776749445,1.577500592723353,6.824212279494031,3.2533860257024267,-1.0446491656401018,0.9055286794231894,X:206,X:129,X:104,X:103,X:207,X:202,X:243,X:107
