ResNum	Residue	Chain	Area	Empirical	Normalized_ASA
3	Glycine	A	74.4	97.0	0.7670103092783506
4	Leucine	A	142.0	191.0	0.743455497382199
5	Proline	A	15.4	154.0	0.1
6	Proline	A	20.3	154.0	0.13181818181818183
7	Glycine	A	44.0	97.0	0.4536082474226804
8	Proline	A	93.8	154.0	0.6090909090909091
9	Leucine	A	38.4	191.0	0.20104712041884815
10	Glutamate	A	183.7	214.0	0.858411214953271
11	Asparagine	A	91.2	187.0	0.4877005347593583
12	Serine	A	39.5	143.0	0.2762237762237762
13	Serine	A	66.3	143.0	0.4636363636363636
14	Alanine	A	31.6	121.0	0.2611570247933884
15	Lysine	A	76.9	230.0	0.33434782608695657
16	Leucine	A	54.5	191.0	0.28534031413612565
17	Valine	A	0.0	165.0	0.0
18	Asparagine	A	33.2	187.0	0.17754010695187167
19	Aspartate	A	48.4	187.0	0.2588235294117647
20	Glutamate	A	193.3	214.0	0.9032710280373832
21	Alanine	A	75.7	121.0	0.6256198347107438
22	Histidine	A	40.9	216.0	0.18935185185185185
23	Proline	A	47.6	154.0	0.3090909090909091
24	Tryptophan	A	67.2	264.0	0.2545454545454546
25	Lysine	A	106.1	230.0	0.4613043478260869
26	Proline	A	84.4	154.0	0.5480519480519481
27	Leucine	A	95.4	191.0	0.49947643979057593
28	Arginine	A	136.1	265.0	0.5135849056603773
29	Proline	A	138.9	154.0	0.9019480519480519
30	Glycine	A	45.0	97.0	0.4639175257731959
31	Aspartate	A	21.9	187.0	0.11711229946524064
32	Isoleucine	A	2.7	195.0	0.013846153846153847
33	Arginine	A	34.0	265.0	0.12830188679245283
34	Glycine	A	1.4	97.0	0.014432989690721649
35	Proline	A	27.6	154.0	0.17922077922077922
36	Cysteine	A	42.9	148.0	0.28986486486486485
37	Proline	A	22.7	154.0	0.1474025974025974
38	Glycine	A	15.9	97.0	0.16391752577319588
39	Leucine	A	20.2	191.0	0.10575916230366492
40	Asparagine	A	2.4	187.0	0.012834224598930482
41	Threonine	A	0.0	163.0	0.0
42	Leucine	A	0.2	191.0	0.0010471204188481676
43	Alanine	A	0.0	121.0	0.0
44	Serine	A	3.4	143.0	0.023776223776223775
45	Histidine	A	0.0	216.0	0.0
46	Glycine	A	29.4	97.0	0.3030927835051546
47	Tyrosine	A	27.4	255.0	0.10745098039215686
48	Leucine	A	4.6	191.0	0.024083769633507852
49	Proline	A	40.3	154.0	0.2616883116883117
50	Arginine	A	48.7	265.0	0.1837735849056604
51	Asparagine	A	45.9	187.0	0.24545454545454545
52	Glycine	A	0.8	97.0	0.008247422680412371
53	Valine	A	10.8	165.0	0.06545454545454546
54	Alanine	A	0.8	121.0	0.006611570247933885
55	Threonine	A	32.1	163.0	0.19693251533742331
56	Proline	A	1.0	154.0	0.006493506493506494
57	Alanine	A	21.0	121.0	0.17355371900826447
58	Glutamine	A	80.6	214.0	0.37663551401869155
59	Isoleucine	A	3.8	195.0	0.019487179487179485
60	Isoleucine	A	0.0	195.0	0.0
61	Asparagine	A	85.3	187.0	0.4561497326203208
62	Alanine	A	2.6	121.0	0.021487603305785124
63	Valine	A	15.8	165.0	0.09575757575757576
64	Glutamine	A	3.6	214.0	0.016822429906542057
65	Glutamate	A	64.3	214.0	0.30046728971962616
66	Glycine	A	0.0	97.0	0.0
67	Phenylalanine	A	8.4	228.0	0.0368421052631579
68	Asparagine	A	0.6	187.0	0.0032085561497326204
69	Phenylalanine	A	26.0	228.0	0.11403508771929824
70	Aspartate	A	36.3	187.0	0.1941176470588235
71	Asparagine	A	34.1	187.0	0.1823529411764706
72	Glutamine	A	95.4	214.0	0.4457943925233645
73	Alanine	A	23.0	121.0	0.19008264462809918
74	Alanine	A	0.6	121.0	0.004958677685950413
75	Isoleucine	A	2.8	195.0	0.014358974358974357
76	Phenylalanine	A	26.7	228.0	0.11710526315789474
77	Alanine	A	30.0	121.0	0.24793388429752067
78	Threonine	A	9.2	163.0	0.056441717791411036
79	Tyrosine	A	1.6	255.0	0.006274509803921569
80	Alanine	A	0.0	121.0	0.0
81	Alanine	A	5.6	121.0	0.04628099173553719
82	Histidine	A	0.0	216.0	0.0
83	Leucine	A	0.0	191.0	0.0
84	Valine	A	2.4	165.0	0.014545454545454545
85	Aspartate	A	1.1	187.0	0.005882352941176471
86	Glycine	A	0.2	97.0	0.002061855670103093
87	Asparagine	A	3.0	187.0	0.016042780748663103
88	Leucine	A	7.3	191.0	0.03821989528795811
89	Isoleucine	A	97.2	195.0	0.49846153846153846
90	Threonine	A	49.3	163.0	0.3024539877300613
91	Aspartate	A	39.7	187.0	0.21229946524064172
92	Leucine	A	45.9	191.0	0.24031413612565444
93	Leucine	A	2.0	191.0	0.010471204188481676
94	Serine	A	1.0	143.0	0.006993006993006993
95	Isoleucine	A	0.2	195.0	0.0010256410256410256
96	Glycine	A	0.0	97.0	0.0
97	Arginine	A	117.9	265.0	0.4449056603773585
98	Lysine	A	87.7	230.0	0.38130434782608696
99	Threonine	A	15.0	163.0	0.09202453987730061
100	Arginine	A	235.6	265.0	0.8890566037735849
101	Leucine	A	93.8	191.0	0.49109947643979057
102	Threonine	A	2.8	163.0	0.017177914110429446
103	Glycine	A	24.6	97.0	0.2536082474226804
104	Proline	A	111.3	154.0	0.7227272727272727
105	Aspartate	A	84.4	187.0	0.45133689839572194
106	Proline	A	21.2	154.0	0.13766233766233765
107	Proline	A	79.5	154.0	0.5162337662337663
108	Proline	A	116.4	154.0	0.7558441558441559
109	Proline	A	75.0	154.0	0.487012987012987
110	Alanine	A	12.5	121.0	0.10330578512396695
111	Serine	A	30.3	143.0	0.21188811188811188
112	Valine	A	2.2	165.0	0.013333333333333334
113	Glycine	A	2.3	97.0	0.023711340206185566
114	Glycine	A	1.5	97.0	0.015463917525773196
115	Leucine	A	12.9	191.0	0.06753926701570681
116	Asparagine	A	20.3	187.0	0.10855614973262033
117	Glutamate	A	68.0	214.0	0.3177570093457944
118	Histidine	A	64.0	216.0	0.2962962962962963
119	Glycine	A	55.9	97.0	0.5762886597938144
120	Threonine	A	20.4	163.0	0.12515337423312883
121	Phenylalanine	A	34.3	228.0	0.15043859649122807
122	Glutamate	A	11.2	214.0	0.05233644859813084
123	Glycine	A	4.1	97.0	0.0422680412371134
124	Aspartate	A	1.6	187.0	0.008556149732620321
125	Alanine	A	0.0	121.0	0.0
126	Serine	A	16.5	143.0	0.11538461538461539
127	Methionine	A	15.8	203.0	0.07783251231527094
128	Threonine	A	5.7	163.0	0.03496932515337423
129	Arginine	A	10.6	265.0	0.04
130	Glycine	A	12.3	97.0	0.1268041237113402
131	Aspartate	A	0.7	187.0	0.0037433155080213902
132	Alanine	A	28.7	121.0	0.2371900826446281
133	Phenylalanine	A	114.8	228.0	0.5035087719298246
134	Phenylalanine	A	107.6	228.0	0.4719298245614035
135	Glycine	A	66.4	97.0	0.6845360824742268
136	Asparagine	A	57.9	187.0	0.30962566844919787
137	Asparagine	A	12.1	187.0	0.06470588235294117
138	Histidine	A	47.0	216.0	0.2175925925925926
139	Aspartate	A	87.2	187.0	0.4663101604278075
140	Phenylalanine	A	36.3	228.0	0.15921052631578947
141	Asparagine	A	59.9	187.0	0.32032085561497325
142	Glutamate	A	64.0	214.0	0.29906542056074764
143	Threonine	A	107.2	163.0	0.6576687116564417
144	Leucine	A	21.8	191.0	0.11413612565445026
145	Phenylalanine	A	1.2	228.0	0.005263157894736842
146	Glutamate	A	106.4	214.0	0.497196261682243
147	Glutamine	A	39.2	214.0	0.18317757009345795
148	Leucine	A	0.4	191.0	0.0020942408376963353
149	Valine	A	34.5	165.0	0.20909090909090908
150	Aspartate	A	72.6	187.0	0.388235294117647
151	Tyrosine	A	23.5	255.0	0.09215686274509804
152	Serine	A	0.0	143.0	0.0
153	Asparagine	A	93.1	187.0	0.49786096256684487
154	Arginine	A	134.4	265.0	0.5071698113207548
155	Phenylalanine	A	75.3	228.0	0.3302631578947368
156	Glycine	A	10.0	97.0	0.10309278350515463
157	Glycine	A	76.4	97.0	0.7876288659793815
158	Glycine	A	17.3	97.0	0.17835051546391753
159	Lysine	A	83.4	230.0	0.36260869565217396
160	Tyrosine	A	0.4	255.0	0.0015686274509803923
161	Asparagine	A	21.2	187.0	0.11336898395721924
162	Leucine	A	39.4	191.0	0.206282722513089
163	Threonine	A	73.6	163.0	0.4515337423312883
164	Valine	A	0.0	165.0	0.0
165	Alanine	A	0.0	121.0	0.0
166	Glycine	A	1.0	97.0	0.010309278350515464
167	Glutamate	A	45.8	214.0	0.21401869158878503
168	Leucine	A	0.4	191.0	0.0020942408376963353
169	Arginine	A	2.2	265.0	0.00830188679245283
170	Phenylalanine	A	57.1	228.0	0.25043859649122807
171	Lysine	A	63.4	230.0	0.2756521739130435
172	Arginine	A	14.8	265.0	0.05584905660377359
173	Isoleucine	A	0.0	195.0	0.0
174	Glutamine	A	70.6	214.0	0.3299065420560747
175	Aspartate	A	45.3	187.0	0.2422459893048128
176	Serine	A	0.4	143.0	0.002797202797202797
177	Isoleucine	A	13.8	195.0	0.07076923076923078
178	Alanine	A	37.1	121.0	0.3066115702479339
179	Threonine	A	72.6	163.0	0.44539877300613495
180	Asparagine	A	0.8	187.0	0.0042780748663101605
181	Proline	A	28.2	154.0	0.18311688311688312
182	Asparagine	A	99.8	187.0	0.5336898395721925
183	Phenylalanine	A	0.3	228.0	0.0013157894736842105
184	Serine	A	41.0	143.0	0.2867132867132867
185	Phenylalanine	A	0.0	228.0	0.0
186	Valine	A	16.1	165.0	0.09757575757575758
187	Aspartate	A	26.1	187.0	0.139572192513369
188	Phenylalanine	A	19.2	228.0	0.08421052631578947
189	Arginine	A	22.1	265.0	0.08339622641509435
190	Phenylalanine	A	3.2	228.0	0.014035087719298246
191	Phenylalanine	A	34.0	228.0	0.14912280701754385
192	Threonine	A	18.3	163.0	0.11226993865030675
193	Alanine	A	0.0	121.0	0.0
194	Tyrosine	A	3.0	255.0	0.011764705882352941
195	Glycine	A	14.6	97.0	0.15051546391752577
196	Glutamate	A	53.1	214.0	0.24813084112149533
197	Threonine	A	0.0	163.0	0.0
198	Threonine	A	0.0	163.0	0.0
199	Phenylalanine	A	54.3	228.0	0.2381578947368421
200	Proline	A	2.4	154.0	0.015584415584415584
201	Alanine	A	1.3	121.0	0.010743801652892562
202	Asparagine	A	16.2	187.0	0.08663101604278074
203	Leucine	A	7.4	191.0	0.0387434554973822
204	Phenylalanine	A	11.2	228.0	0.04912280701754386
205	Valine	A	0.6	165.0	0.0036363636363636364
206	Aspartate	A	24.0	187.0	0.12834224598930483
207	Glycine	A	6.0	97.0	0.061855670103092786
208	Arginine	A	133.8	265.0	0.5049056603773585
209	Arginine	A	108.2	265.0	0.40830188679245283
210	Aspartate	A	55.1	187.0	0.2946524064171123
211	Aspartate	A	70.3	187.0	0.37593582887700533
212	Glycine	A	16.7	97.0	0.17216494845360825
213	Glutamine	A	59.5	214.0	0.2780373831775701
214	Leucine	A	1.6	191.0	0.008376963350785341
215	Aspartate	A	51.3	187.0	0.274331550802139
216	Methionine	A	29.6	203.0	0.1458128078817734
217	Aspartate	A	139.8	187.0	0.7475935828877006
218	Alanine	A	7.6	121.0	0.06280991735537189
219	Alanine	A	0.2	121.0	0.0016528925619834713
220	Arginine	A	69.8	265.0	0.2633962264150943
221	Serine	A	22.7	143.0	0.15874125874125875
222	Phenylalanine	A	0.3	228.0	0.0013157894736842105
223	Phenylalanine	A	5.3	228.0	0.02324561403508772
224	Glutamine	A	63.9	214.0	0.29859813084112147
225	Phenylalanine	A	103.1	228.0	0.4521929824561403
226	Serine	A	10.0	143.0	0.06993006993006994
227	Arginine	A	113.8	265.0	0.4294339622641509
228	Methionine	A	0.6	203.0	0.0029556650246305416
229	Proline	A	35.2	154.0	0.2285714285714286
230	Aspartate	A	154.9	187.0	0.8283422459893048
231	Aspartate	A	68.5	187.0	0.3663101604278075
232	Phenylalanine	A	2.8	228.0	0.012280701754385965
233	Phenylalanine	A	46.3	228.0	0.20307017543859648
234	Arginine	A	2.8	265.0	0.010566037735849056
235	Alanine	A	0.0	121.0	0.0
236	Proline	A	45.9	154.0	0.29805194805194807
237	Serine	A	46.3	143.0	0.3237762237762238
238	Proline	A	61.8	154.0	0.40129870129870127
239	Arginine	A	26.0	265.0	0.09811320754716982
240	Serine	A	24.5	143.0	0.17132867132867133
241	Glycine	A	18.1	97.0	0.1865979381443299
242	Threonine	A	89.0	163.0	0.5460122699386503
243	Glycine	A	3.3	97.0	0.03402061855670103
244	Valine	A	40.9	165.0	0.24787878787878787
245	Glutamate	A	117.2	214.0	0.5476635514018692
246	Valine	A	58.4	165.0	0.35393939393939394
247	Valine	A	0.9	165.0	0.005454545454545455
248	Valine	A	34.1	165.0	0.20666666666666667
249	Glutamine	A	140.2	214.0	0.6551401869158878
250	Alanine	A	38.6	121.0	0.31900826446280994
251	Histidine	A	51.5	216.0	0.23842592592592593
252	Proline	A	87.1	154.0	0.5655844155844155
253	Methionine	A	38.5	203.0	0.1896551724137931
254	Glutamine	A	121.7	214.0	0.5686915887850468
255	Proline	A	7.6	154.0	0.049350649350649346
256	Glycine	A	0.0	97.0	0.0
257	Arginine	A	87.4	265.0	0.32981132075471703
258	Asparagine	A	5.7	187.0	0.030481283422459895
259	Valine	A	78.0	165.0	0.4727272727272727
260	Glycine	A	57.7	97.0	0.5948453608247423
261	Lysine	A	131.9	230.0	0.5734782608695652
262	Isoleucine	A	81.8	195.0	0.41948717948717945
263	Asparagine	A	107.1	187.0	0.5727272727272728
264	Serine	A	14.4	143.0	0.1006993006993007
265	Tyrosine	A	51.4	255.0	0.2015686274509804
266	Threonine	A	70.2	163.0	0.4306748466257669
267	Valine	A	58.0	165.0	0.3515151515151515
268	Aspartate	A	19.5	187.0	0.10427807486631016
269	Proline	A	119.8	154.0	0.7779220779220779
270	Threonine	A	89.4	163.0	0.5484662576687117
271	Serine	A	11.0	143.0	0.07692307692307693
272	Serine	A	0.0	143.0	0.0
273	Aspartate	A	56.1	187.0	0.3
274	Phenylalanine	A	79.1	228.0	0.3469298245614035
275	Serine	A	92.2	143.0	0.6447552447552448
276	Threonine	A	49.3	163.0	0.3024539877300613
277	Proline	A	62.4	154.0	0.40519480519480516
278	Cysteine	A	39.0	148.0	0.2635135135135135
279	Leucine	A	65.5	191.0	0.34293193717277487
280	Methionine	A	19.2	203.0	0.09458128078817733
281	Tyrosine	A	3.6	255.0	0.01411764705882353
282	Glutamate	A	64.5	214.0	0.3014018691588785
283	Lysine	A	29.9	230.0	0.13
284	Phenylalanine	A	4.0	228.0	0.017543859649122806
285	Valine	A	0.0	165.0	0.0
286	Asparagine	A	77.0	187.0	0.4117647058823529
287	Isoleucine	A	86.0	195.0	0.441025641025641
288	Threonine	A	47.9	163.0	0.2938650306748466
289	Valine	A	0.0	165.0	0.0
290	Lysine	A	69.7	230.0	0.3030434782608696
291	Serine	A	75.1	143.0	0.5251748251748252
292	Leucine	A	24.1	191.0	0.1261780104712042
293	Tyrosine	A	10.6	255.0	0.04156862745098039
294	Proline	A	63.7	154.0	0.41363636363636364
295	Asparagine	A	152.0	187.0	0.8128342245989305
296	Proline	A	25.7	154.0	0.16688311688311688
297	Threonine	A	97.0	163.0	0.5950920245398773
298	Valine	A	106.5	165.0	0.6454545454545455
299	Glutamine	A	99.0	214.0	0.46261682242990654
300	Leucine	A	11.2	191.0	0.058638743455497376
301	Arginine	A	86.8	265.0	0.32754716981132076
302	Lysine	A	116.9	230.0	0.5082608695652174
303	Alanine	A	15.1	121.0	0.12479338842975206
304	Leucine	A	0.0	191.0	0.0
305	Asparagine	A	23.7	187.0	0.1267379679144385
306	Threonine	A	58.7	163.0	0.3601226993865031
307	Asparagine	A	7.4	187.0	0.039572192513368985
308	Leucine	A	5.5	191.0	0.028795811518324606
309	Aspartate	A	74.0	187.0	0.39572192513368987
310	Phenylalanine	A	23.3	228.0	0.10219298245614035
311	Leucine	A	0.0	191.0	0.0
312	Phenylalanine	A	54.2	228.0	0.23771929824561405
313	Glutamine	A	103.5	214.0	0.48364485981308414
314	Glycine	A	6.0	97.0	0.061855670103092786
315	Valine	A	17.2	165.0	0.10424242424242423
316	Alanine	A	53.3	121.0	0.440495867768595
317	Alanine	A	105.4	121.0	0.8710743801652893
318	Glycine	A	78.2	97.0	0.8061855670103093
319	Cysteine	A	18.9	148.0	0.1277027027027027
320	Threonine	A	102.3	163.0	0.6276073619631901
321	Glutamine	A	44.9	214.0	0.20981308411214952
322	Valine	A	23.3	165.0	0.1412121212121212
323	Phenylalanine	A	64.5	228.0	0.28289473684210525
324	Proline	A	23.6	154.0	0.15324675324675324
325	Tyrosine	A	25.1	255.0	0.09843137254901961
326	Glycine	A	34.4	97.0	0.3546391752577319
327	Arginine	A	230.0	265.0	0.8679245283018868
