Snapshot, Tunnel cluster, Tunnel, Throughput, Cost, Bottleneck radius, Average R error bound, Max. R error bound, Bottleneck R error bound, Curvature, Length, , Axis, Values...
1.pdb, 1, 1, 0.506891916345032, 0.6794574808690429, 1.0175823126324894, -, -, -, 1.3495124417646782, 16.472029391658733, , X, 8.522870107701266, 8.598635515213457, 8.65798418823605, 8.713029407920263, 8.766070382651161, 8.788370361076362, 8.749435194816451, 8.698000425903874, 8.70265400107781, 8.931222388996307, 8.840024734063196, 8.942631434633974, 9.053782399657306, 9.163833661699307, 9.232230490378335, 9.300627319057362, 9.414810893516199, 9.859771430806218, 10.311179140211326, 10.722031303541486, 11.132883466871649, 11.481594474255756, 11.813078761529663, 12.14456304880357, 12.476047336077478, 12.833703495668157, 13.214335508179582, 13.594967520691007, 13.762872030055322, 13.822333778237562, 13.847396413508397, 13.947711366387233, 14.133962086576275, 14.42700240643183, 14.795292529296551
1.pdb, 1, 1, 0.506891916345032, 0.6794574808690429, 1.0175823126324894, -, -, -, 1.3495124417646782, 16.472029391658733, , Y, -0.07607034308504666, 0.37317028673618935, 0.7030262837884818, 0.9254020081755079, 1.1393972773897496, 1.2258992969476883, 0.9251236238938952, 0.5690517839369398, 0.2974269759001409, 0.4367464069448761, 0.2861763601047293, 0.16205709661767, 0.07179710523531446, -0.30356925663620377, -0.7425842940615558, -1.181599331486908, -1.6096548307695557, -1.6726329605908636, -1.633468322306163, -1.5826562651539184, -1.531844208001674, -1.8099796166510589, -2.1793055710515388, -2.548631525452019, -2.9179574798524994, -3.26304263338888, -3.586847189626238, -3.910651745863596, -4.27823511285928, -4.700243882046976, -5.085683909417559, -4.961836115548231, -5.0036001758092885, -5.243789641182202, -5.489283563848637
1.pdb, 1, 1, 0.506891916345032, 0.6794574808690429, 1.0175823126324894, -, -, -, 1.3495124417646782, 16.472029391658733, , Z, 0.224005311677615, 0.43002098958182366, 0.7257969925688227, 1.1701877356132613, 1.6189556931965994, 2.0590484530348756, 2.4529601148347298, 2.8001881513418327, 3.1391708504029188, 3.551855354603089, 3.979269855198013, 4.4523960339884745, 4.909714362780368, 5.15910193962273, 5.388421957809255, 5.617741975995781, 5.84851295654312, 5.94715437579232, 6.126936348023721, 6.407326495380727, 6.687716642737733, 6.796306215231748, 6.857269373751334, 6.9182325322709195, 6.9791956907905055, 7.016443255169676, 7.0328712925275, 7.049299329885324, 7.277471905033693, 7.498430058582973, 7.791990054529184, 8.257155941272726, 8.639461025995868, 8.963943154535828, 9.187158462313825
1.pdb, 1, 1, 0.506891916345032, 0.6794574808690429, 1.0175823126324894, -, -, -, 1.3495124417646782, 16.472029391658733, , distance, 0.33328570531460017, 0.5422829905526325, 0.9061834423174794, 1.3115420063377061, 1.763131855572268, 2.1464379349332785, 2.31416039501279, 2.5086555955230256, 2.781313861763778, 3.211801647954356, 3.6107910457214434, 4.072630113862552, 4.528548304008426, 4.783495583989488, 5.051984389970384, 5.353808228818242, 5.6868993360154585, 5.861522774182972, 6.117397673720714, 6.478580386336546, 6.857219067960829, 7.1417066407951895, 7.41971100093727, 7.720119748532465, 8.040422036555817, 8.36296893117539, 8.689318437006401, 9.031570209857968, 9.445247518477496, 9.827486649935196, 10.235444260278381, 10.567559966148037, 10.963056931420173, 11.456658739542258, 11.91554481514365
1.pdb, 1, 1, 0.506891916345032, 0.6794574808690429, 1.0175823126324894, -, -, -, 1.3495124417646782, 16.472029391658733, , length, 0.33328570531460017, 0.8332857053146001, 1.3332857053146001, 1.8332857053146001, 2.3332857053146, 2.8332857053146, 3.3332857053146, 3.8332857053146, 4.3332857053146, 4.8332857053146, 5.3332857053146, 5.8332857053146, 6.3332857053146, 6.8332857053146, 7.3332857053146, 7.8332857053146, 8.3332857053146, 8.8332857053146, 9.3332857053146, 9.8332857053146, 10.3332857053146, 10.8332857053146, 11.3332857053146, 11.8332857053146, 12.3332857053146, 12.8332857053146, 13.3332857053146, 13.8332857053146, 14.3332857053146, 14.8332857053146, 15.3332857053146, 15.8332857053146, 16.3332857053146, 16.8332857053146, 17.3332857053146
1.pdb, 1, 1, 0.506891916345032, 0.6794574808690429, 1.0175823126324894, -, -, -, 1.3495124417646782, 16.472029391658733, , R, 1.644004010618665, 1.5571569295263818, 1.507202947507149, 1.4693259562890078, 1.5220951674185612, 1.6171741588023816, 1.6294911425229326, 1.699216201961147, 1.8142186352252387, 1.776753889427258, 1.825052725327114, 1.837840723532359, 1.9038812521874602, 1.8112404210453674, 1.7306760007403843, 1.7343065227228436, 1.8038389181852528, 1.7236868166701746, 1.5858690208976645, 1.4500733170596376, 1.404747774734749, 1.2245159321884753, 1.0689162866779183, 1.0175853369078902, 1.0775838814378373, 1.2133928656187722, 1.416316307400255, 1.6923618233058975, 1.7602326182574168, 1.798594408658439, 1.862962091114399, 1.9341680086323512, 1.9677804108127168, 1.9623266638996564, 1.9130796793824205
1.pdb, 1, 1, 0.506891916345032, 0.6794574808690429, 1.0175823126324894, -, -, -, 1.3495124417646782, 16.472029391658733, , Upper limit of R overestimation, -, -, -, -, -, -, -, -, -, -, -, -, -, -, -, -, -, -, -, -, -, -, -, -, -, -, -, -, -, -, -, -, -, -, -
2.pdb, 1, 1, 0.5606546387229537, 0.5786501802791825, 1.1391447787099478, -, -, -, 1.2311425094723383, 15.610422309113083, , X, 8.809032966825214, 8.83905257588365, 8.83653778174993, 8.810298854528924, 8.789350909379076, 8.780115907388941, 8.917812727484236, 8.939531762338591, 9.038298757127592, 9.46534914336233, 9.913630535059287, 10.359096691612283, 10.783934562740242, 11.165772048272002, 11.436442906927283, 11.707113765582564, 11.73905618406616, 11.92149395772995, 12.241775493135341, 12.547119870170404, 12.8391561452147, 13.131192420258996, 13.423228695303294, 13.71526497034759, 13.935061262882385, 14.1316428019481, 14.44544051356312, 14.66807136802558, 15.02247860301077, 15.478841770545591, 15.935204938080412, 16.367145848499877, 16.730208598377377
2.pdb, 1, 1, 0.5606546387229537, 0.5786501802791825, 1.1391447787099478, -, -, -, 1.2311425094723383, 15.610422309113083, , Y, -0.21242387968192222, -0.11906696746638111, -0.060434621425988704, -0.06283403233854569, -0.070647127612984, -0.09012901939249955, -0.23925566969440948, -0.3473903346332689, -0.3475726485448985, -0.3372682856191129, -0.35708065394304095, -0.3650325920810706, -0.2860787029515434, -0.29901891461843244, -0.5495280939526167, -0.8000372732868011, -1.1690005717061775, -1.5561819205091223, -1.9311653056810496, -2.2992565229657176, -2.6612072367552004, -3.0231579505446833, -3.385108664334166, -3.747059378123649, -4.164797062726071, -4.621276110320876, -4.909571707863723, -5.299373252843008, -5.542227687835096, -5.740967919485916, -5.9397081511367364, -6.137025314511072, -6.3303289944163375
2.pdb, 1, 1, 0.5606546387229537, 0.5786501802791825, 1.1391447787099478, -, -, -, 1.2311425094723383, 15.610422309113083, , Z, 0.6073544974277413, 1.0976435040488957, 1.591305003006595, 2.0904245179717726, 2.589924406997017, 3.084856966386069, 3.5251979925200456, 3.99934016694659, 4.423760845057228, 4.613519981590466, 4.834090296727469, 5.058381230934914, 5.30993453869847, 5.585491642707083, 5.923104493979257, 6.26071734525143, 6.556894449264879, 6.726134925791656, 6.808640676641933, 6.944605326786015, 7.128198613279656, 7.311791899773296, 7.495385186266937, 7.678978472760577, 7.790345938721647, 7.767504923235138, 7.624933431223512, 7.747303635664496, 7.903739366683604, 7.951014937975374, 7.998290509267142, 8.107606052359156, 8.391893102691158
2.pdb, 1, 1, 0.5606546387229537, 0.5786501802791825, 1.1391447787099478, -, -, -, 1.2311425094723383, 15.610422309113083, , distance, 0.23163600786558391, 0.706159658083455, 1.201214269190411, 1.6993289449717197, 2.198404909049788, 2.6929358419682945, 3.1369271268427195, 3.616272429566465, 4.044201159667518, 4.277595625864128, 4.583599741594429, 4.923525569278244, 5.302877153132386, 5.706762456161612, 6.139020637952342, 6.58088223989412, 6.905901401674671, 7.201902354882123, 7.498694632341249, 7.85169817396075, 8.250031483877077, 8.658918798265026, 9.076933955082623, 9.502872475989369, 9.8663963573346, 10.14685819210711, 10.34367536777562, 10.733971940037952, 11.153294161599424, 11.540481182795936, 11.93605635064473, 12.362144741497259, 12.855868450870338
2.pdb, 1, 1, 0.5606546387229537, 0.5786501802791825, 1.1391447787099478, -, -, -, 1.2311425094723383, 15.610422309113083, , length, 0.23163600786558391, 0.7316360078655839, 1.231636007865584, 1.731636007865584, 2.2316360078655837, 2.7316360078655837, 3.2316360078655837, 3.7316360078655837, 4.231636007865584, 4.731636007865584, 5.231636007865584, 5.731636007865584, 6.231636007865584, 6.731636007865584, 7.231636007865584, 7.731636007865584, 8.231636007865584, 8.731636007865584, 9.231636007865584, 9.731636007865584, 10.231636007865584, 10.731636007865584, 11.231636007865584, 11.731636007865584, 12.231636007865584, 12.731636007865584, 13.231636007865584, 13.731636007865584, 14.231636007865584, 14.731636007865584, 15.231636007865584, 15.731636007865584, 16.231636007865582
2.pdb, 1, 1, 0.5606546387229537, 0.5786501802791825, 1.1391447787099478, -, -, -, 1.2311425094723383, 15.610422309113083, , R, 1.8900890289546892, 1.8564823143241072, 1.8784013488601599, 1.9274649993774065, 2.04731669114466, 2.221501495766179, 2.2028965069353497, 2.1377651269515763, 2.1392952036248394, 1.9013399599552299, 1.6985973238795384, 1.5649855788581932, 1.4633233628949365, 1.4307299623315226, 1.4336584090653715, 1.5297569665764519, 1.600658091785234, 1.4840992955570067, 1.304570654999756, 1.1852545511782686, 1.1389426781084293, 1.1983049074372134, 1.3559890466505935, 1.5954057995500757, 1.840652038543139, 2.0354650908333403, 2.0957008572311944, 2.0678350530157985, 2.0481129810676766, 1.9486453723100483, 1.926930991141093, 1.9508186458302597, 1.958278876974845
2.pdb, 1, 1, 0.5606546387229537, 0.5786501802791825, 1.1391447787099478, -, -, -, 1.2311425094723383, 15.610422309113083, , Upper limit of R overestimation, -, -, -, -, -, -, -, -, -, -, -, -, -, -, -, -, -, -, -, -, -, -, -, -, -, -, -, -, -, -, -, -, -
3.pdb, 1, 1, 0.4853205622600236, 0.7229456532645121, 1.0000214898101147, -, -, -, 1.2900751754859832, 15.084746035495634, , X, 8.954810850888068, 8.919299113002346, 8.80154277408529, 8.683786435168232, 8.566030096251176, 8.563535992426377, 8.698969998654425, 8.858025721712414, 8.822675165084066, 8.749320845496502, 8.739816194150784, 8.73868308446796, 8.737549974785136, 8.812088386926217, 9.021302095089522, 9.489303903148855, 9.957305711208186, 10.425893360073328, 10.84139909579871, 11.254402833793689, 11.67056559493632, 12.027243521732794, 12.341109473493445, 12.685007741330596, 13.051112717563141, 13.417217693795687, 13.78332267002823, 14.046472873575865, 14.44253568964353, 14.80870822648597, 15.214757448805816, 15.585791323851831
3.pdb, 1, 1, 0.4853205622600236, 0.7229456532645121, 1.0000214898101147, -, -, -, 1.2900751754859832, 15.084746035495634, , Y, -0.2898745856000346, -0.2698463292422177, -0.3387839167099752, -0.4077215041777327, -0.4766590916454902, -0.6061819788879821, -0.8082040319520056, -1.0200950020541184, -1.4462718602949682, -1.9125218082358724, -2.393477972830846, -2.876362318241995, -3.3592466636531446, -3.7485970592878233, -3.7483463326182003, -3.8435493696686276, -3.9387524067190554, -4.038858584639297, -4.241117036578553, -4.424196047477044, -4.444170426405076, -4.374065204064728, -4.433865982750071, -4.502163400440108, -4.5767434632727175, -4.651323526105326, -4.7259035889379355, -4.9289098912395355, -5.224133949574737, -5.377754887446909, -5.4870277961902305, -5.612788848211382
3.pdb, 1, 1, 0.4853205622600236, 0.7229456532645121, 1.0000214898101147, -, -, -, 1.2900751754859832, 15.084746035495634, , Z, 0.5354724305062158, 1.017363241885937, 1.498384087254385, 1.979404932622833, 2.460425777991281, 2.9213418535329327, 3.3581996336316946, 3.7819714823501016, 3.987623285804494, 4.152638830050938, 4.2864301747955995, 4.416127611236312, 4.545825047677024, 4.844058236263859, 5.178632906199991, 5.326655503763916, 5.474678101327839, 5.6138475318098795, 5.777486326783462, 5.991752488765716, 6.16035168939633, 6.424442405094798, 6.809035737322501, 7.163549675623398, 7.495822094890558, 7.828094514157718, 8.160366933424879, 8.4970758417895, 8.437621643584437, 8.169731641843537, 8.267092167020158, 8.561745770964727
3.pdb, 1, 1, 0.4853205622600236, 0.7229456532645121, 1.0000214898101147, -, -, -, 1.2900751754859832, 15.084746035495634, , distance, 0.2633003933151029, 0.6512257774659058, 1.1263015491394313, 1.6164823988994412, 2.111273433809439, 2.585555383053507, 3.0451441309057725, 3.505889309779317, 3.8299689612482077, 4.163358345309582, 4.5064627515945, 4.874209453245133, 5.263803668137688, 5.739193293984883, 6.006133023140083, 6.21543768268071, 6.4567559410992805, 6.722755076707696, 7.076253898309939, 7.471204120033231, 7.753612470900342, 8.050152377878605, 8.498519722734809, 8.946666129656661, 9.39603609629125, 9.850286991254135, 10.30877360782226, 10.78020224331897, 11.067214349560588, 11.139847017923962, 11.481257623464131, 11.950071868037368
3.pdb, 1, 1, 0.4853205622600236, 0.7229456532645121, 1.0000214898101147, -, -, -, 1.2900751754859832, 15.084746035495634, , length, 0.2633003933151029, 0.7633003933151029, 1.2633003933151028, 1.7633003933151028, 2.263300393315103, 2.763300393315103, 3.263300393315103, 3.763300393315103, 4.263300393315102, 4.763300393315102, 5.263300393315102, 5.763300393315102, 6.263300393315102, 6.763300393315102, 7.263300393315102, 7.763300393315102, 8.263300393315102, 8.763300393315102, 9.263300393315102, 9.763300393315102, 10.263300393315102, 10.763300393315102, 11.263300393315102, 11.763300393315102, 12.263300393315102, 12.763300393315102, 13.263300393315102, 13.763300393315102, 14.263300393315102, 14.763300393315102, 15.263300393315102, 15.763300393315102
3.pdb, 1, 1, 0.4853205622600236, 0.7229456532645121, 1.0000214898101147, -, -, -, 1.2900751754859832, 15.084746035495634, , R, 2.018186798952068, 1.8490376360769665, 1.7085342351246873, 1.6500021557133737, 1.6784463132477232, 1.6745108750606088, 1.6142093279358682, 1.6168744740973306, 1.5170365074200627, 1.4711153416262015, 1.455710372563776, 1.525227262358859, 1.6811334019904554, 1.820435217535343, 1.7188405258111235, 1.4604864089555265, 1.2772456174866467, 1.1852673801815865, 1.0668567330551173, 1.0004999399081658, 1.047056364792155, 1.0550777341557598, 1.07054192000592, 1.1729915213707656, 1.356779385062177, 1.618359964103291, 1.9383411144491107, 2.192376558321504, 2.229994101947007, 2.2242569389530775, 2.1980230318870415, 2.190223979871263
3.pdb, 1, 1, 0.4853205622600236, 0.7229456532645121, 1.0000214898101147, -, -, -, 1.2900751754859832, 15.084746035495634, , Upper limit of R overestimation, -, -, -, -, -, -, -, -, -, -, -, -, -, -, -, -, -, -, -, -, -, -, -, -, -, -, -, -, -, -, -, -
4.pdb, 1, 1, 0.6505515970820588, 0.42993466506362843, 1.4133005877814198, -, -, -, 1.19703438202048, 13.80949184799388, , X, 9.05057059060866, 9.040224643430793, 8.911655739390904, 8.710245206553028, 8.523770093837324, 8.345915235461419, 8.179334382867516, 8.255508237144767, 8.417194212427018, 8.57888018770927, 8.740566162991522, 8.902252138273774, 9.0666795547138, 9.422611412650237, 9.80022756020562, 10.243943980780301, 10.68766040135498, 11.131376821929662, 11.575093242504341, 12.018809663079022, 12.462526083653703, 12.906262301320595, 13.274631255750146, 13.544911672906608, 13.739001640832544, 13.937802093074794, 14.129054432027482, 14.493735946832514, 14.821957488298983
4.pdb, 1, 1, 0.6505515970820588, 0.42993466506362843, 1.4133005877814198, -, -, -, 1.19703438202048, 13.80949184799388, , Y, -0.1312205247434691, -0.35297360406304656, -0.45712447068996387, -0.6330160457585037, -0.8221174298820824, -1.018843099958325, -1.2224604556949143, -1.5703137110773597, -1.9430890175921114, -2.315864324106863, -2.6886396306216147, -3.061414937136367, -3.434679508137392, -3.7195195361606537, -3.6529708616570415, -3.715208623901343, -3.7774463861456447, -3.839684148389946, -3.9019219106342478, -3.9641596728785498, -4.026397435122851, -4.088632191248331, -4.324514185587586, -4.660607782913618, -4.884747349051939, -5.036644719181796, -4.965607329350876, -5.213710167849826, -5.525224834460354
4.pdb, 1, 1, 0.6505515970820588, 0.42993466506362843, 1.4133005877814198, -, -, -, 1.19703438202048, 13.80949184799388, , Z, 0.35528026410812164, 0.7726776452132752, 1.215986647502133, 1.6384744592575387, 2.0618393047835175, 2.4857103465935713, 2.906465284383166, 3.2550230808224754, 3.546392633538369, 3.8377621862542624, 4.129131738970156, 4.420501291686049, 4.709657493584933, 4.829489219458593, 5.110958910346953, 5.332864744121586, 5.554770577896219, 5.776676411670853, 5.998582245445486, 6.22048807922012, 6.442393912994753, 6.664253534581077, 6.875813689230378, 7.103800575099583, 7.4944308107202655, 7.913988921018856, 8.357097680961502, 8.574089613018076, 8.762705917437973
4.pdb, 1, 1, 0.6505515970820588, 0.42993466506362843, 1.4133005877814198, -, -, -, 1.19703438202048, 13.80949184799388, , distance, 0.2472962809011203, 0.5008252246442927, 0.8938522117102478, 1.3486247116053167, 1.8305960000063144, 2.3217613412630884, 2.8133949360357313, 3.2531806319318974, 3.6605803317477563, 4.088583190590624, 4.531354835761806, 4.984961463119207, 5.445369270407696, 5.742741255417523, 5.9741587337218816, 6.273432531743538, 6.597070477490052, 6.941665653112625, 7.304252541789351, 7.682284058069508, 8.073590991838861, 8.476308954612119, 8.923433481261842, 9.383995727795222, 9.869923979673592, 10.345067319400425, 10.732638422384762, 11.188000066403678, 11.636204777998682
4.pdb, 1, 1, 0.6505515970820588, 0.42993466506362843, 1.4133005877814198, -, -, -, 1.19703438202048, 13.80949184799388, , length, 0.2472962809011203, 0.7472962809011203, 1.2472962809011203, 1.7472962809011203, 2.2472962809011205, 2.7472962809011205, 3.2472962809011205, 3.7472962809011205, 4.2472962809011205, 4.7472962809011205, 5.2472962809011205, 5.7472962809011205, 6.2472962809011205, 6.7472962809011205, 7.2472962809011205, 7.7472962809011205, 8.247296280901121, 8.747296280901121, 9.247296280901121, 9.747296280901121, 10.247296280901121, 10.747296280901121, 11.247296280901121, 11.747296280901121, 12.247296280901121, 12.747296280901121, 13.247296280901121, 13.747296280901121, 14.247296280901121
4.pdb, 1, 1, 0.6505515970820588, 0.42993466506362843, 1.4133005877814198, -, -, -, 1.19703438202048, 13.80949184799388, , R, 1.8997479617256425, 1.8648697155965983, 1.7495692781392147, 1.6684330423278129, 1.6552412740656381, 1.7184219404977006, 1.8505998064740445, 1.793722055622265, 1.722519462363923, 1.735961217297093, 1.8329221109433955, 2.0058329327377704, 2.2405054443272245, 2.2710202838335283, 2.086034701892311, 1.8092309758972276, 1.5951597576092638, 1.4590158094334778, 1.4130082432085949, 1.4618149979543966, 1.6004831882362474, 1.8166196445558251, 1.9654603034211406, 2.1055384780604696, 2.1451410756770537, 2.2289301545928213, 2.267921505826984, 2.2454489838023193, 2.2250777004350146
4.pdb, 1, 1, 0.6505515970820588, 0.42993466506362843, 1.4133005877814198, -, -, -, 1.19703438202048, 13.80949184799388, , Upper limit of R overestimation, -, -, -, -, -, -, -, -, -, -, -, -, -, -, -, -, -, -, -, -, -, -, -, -, -, -, -, -, -
5.pdb, 1, 1, 0.498668575657042, 0.6958135809338964, 1.0066696759120755, -, -, -, 1.2036280344375923, 14.177971134879584, , X, 8.579975246995428, 8.522239933053838, 8.464504619112247, 8.406769305170657, 8.487703545022992, 8.454329997423413, 8.420956449823834, 8.415827958821064, 8.512909079318376, 8.65176914397779, 8.832440554846835, 9.02256907348057, 9.20654251834021, 9.645805333272584, 10.08706560016803, 10.525301177813839, 10.917002313046526, 11.259931512769903, 11.638446814387194, 12.027242500144599, 12.386225920267226, 12.72220380779888, 13.058181695330534, 13.289248317884525, 13.75929321714257, 14.11410984912117, 14.19039642104268, 14.524166372063343, 14.828243953212969, 15.195806069274722
5.pdb, 1, 1, 0.498668575657042, 0.6958135809338964, 1.0066696759120755, -, -, -, 1.2036280344375923, 14.177971134879584, , Y, -0.04589325571504255, -0.13117878800353694, -0.21646432029203136, -0.3017498525805258, -0.4896335351241984, -0.9076207595080047, -1.325607983891811, -1.7510466435264431, -2.195853426305811, -2.6386511283777425, -3.0794381915810654, -3.49296712928176, -3.701885739956438, -3.6961943234196237, -3.576182932705361, -3.445408993458623, -3.4853274279712534, -3.7041455551247675, -3.917729159299147, -4.129800574609003, -4.202946675688751, -4.168886874225368, -4.134827072761985, -4.2303854464277775, -4.3694587687092366, -4.5974011149645975, -4.914585074740504, -5.244730483470812, -5.5649477523362405, -5.807006096002588
5.pdb, 1, 1, 0.498668575657042, 0.6958135809338964, 1.0066696759120755, -, -, -, 1.2036280344375923, 14.177971134879584, , Z, 0.7599844728377445, 1.2492625241606443, 1.7385405754835443, 2.227818626806444, 2.6431242378605426, 2.9154712344889986, 3.1878182311174545, 3.446939705596555, 3.653633155024577, 3.8329256851923112, 3.9847960450627555, 4.179503782285993, 4.500458462971661, 4.682241992601, 4.878907981409929, 5.081016257587166, 5.326390294945792, 5.617110420162662, 5.862338035636394, 6.09442342842298, 6.40363363938734, 6.772359538957796, 7.141085438528252, 7.544305540844457, 7.578356535357002, 7.755397110709103, 8.134309626476714, 8.171899048057632, 8.383702505824246, 8.620884308996825
5.pdb, 1, 1, 0.498668575657042, 0.6958135809338964, 1.0066696759120755, -, -, -, 1.2036280344375923, 14.177971134879584, , distance, 0.4391129787165725, 0.9027748590831666, 1.3918278213586341, 1.8866284537298839, 2.302073911251763, 2.6646648185122745, 3.066159307206348, 3.481747387718022, 3.8736052703265242, 4.2629833088148015, 4.650486595062427, 5.0718230305046905, 5.460883745531989, 5.64375491717974, 5.802703043475655, 5.996280198880884, 6.331144318612412, 6.791172352541173, 7.233083191728496, 7.675739899438768, 8.097620560920381, 8.507792041458538, 8.92712675460419, 9.385749693086485, 9.704476461147166, 10.11828969214048, 10.576191654695004, 10.92773895609902, 11.388864722602053, 11.866209115944002
5.pdb, 1, 1, 0.498668575657042, 0.6958135809338964, 1.0066696759120755, -, -, -, 1.2036280344375923, 14.177971134879584, , length, 0.4391129787165725, 0.9391129787165725, 1.4391129787165724, 1.9391129787165724, 2.4391129787165724, 2.9391129787165724, 3.4391129787165724, 3.9391129787165724, 4.439112978716572, 4.939112978716572, 5.439112978716572, 5.939112978716572, 6.439112978716572, 6.939112978716572, 7.439112978716572, 7.939112978716572, 8.439112978716572, 8.939112978716572, 9.439112978716572, 9.939112978716572, 10.439112978716572, 10.939112978716572, 11.439112978716572, 11.939112978716572, 12.439112978716572, 12.939112978716572, 13.439112978716572, 13.939112978716572, 14.439112978716572, 14.939112978716572
5.pdb, 1, 1, 0.498668575657042, 0.6958135809338964, 1.0066696759120755, -, -, -, 1.2036280344375923, 14.177971134879584, , R, 1.8871244475968936, 1.7562164447987667, 1.7065605072055352, 1.7422733210215415, 1.6925417234395772, 1.5067127419298052, 1.404954915696533, 1.3711316468086159, 1.3396272188549683, 1.365574262580483, 1.447253752881067, 1.5977095646667976, 1.7000863885235618, 1.5117503839876105, 1.3098197426782356, 1.190931286823534, 1.094160836356141, 1.0183854054363828, 1.0135934258232722, 1.1080210102951937, 1.2321739355193297, 1.3966900680323133, 1.6407971709039229, 1.8400068649416774, 1.9113484556286557, 2.0312132958290157, 2.156258271653458, 2.2221004097149715, 2.1298362065666376, 2.016306424814135
5.pdb, 1, 1, 0.498668575657042, 0.6958135809338964, 1.0066696759120755, -, -, -, 1.2036280344375923, 14.177971134879584, , Upper limit of R overestimation, -, -, -, -, -, -, -, -, -, -, -, -, -, -, -, -, -, -, -, -, -, -, -, -, -, -, -, -, -, -
6.pdb, 1, 1, 0.6709463680193162, 0.39906607364109353, 1.6901136713650466, -, -, -, 1.2855947383860726, 14.242397212673868, , X, 9.22459209747779, 9.247546922473603, 9.270501747469414, 9.293456572465226, 9.316411397461037, 9.324898611411115, 9.26208214168884, 9.224663038731057, 9.3033002115917, 9.314140193710033, 9.340414266653749, 9.39646810373211, 9.452521940810472, 9.508575777888835, 9.564629614967195, 10.000812340260804, 10.45207990920497, 10.903347478149136, 11.273039199478742, 11.568184289104046, 11.859720977220613, 12.185918220663126, 12.512281093706923, 12.847552530115228, 13.198230927254066, 13.436910090901682, 13.737296153198676, 13.864733397296938, 14.147724043518531, 14.50376169860716
6.pdb, 1, 1, 0.6709463680193162, 0.39906607364109353, 1.6901136713650466, -, -, -, 1.2855947383860726, 14.242397212673868, , Y, 0.034075899261322457, 0.15864776524248608, 0.2832196312236497, 0.40779149720481334, 0.5323633631859769, 0.5900839204557338, 0.23062046841356518, -0.05392381022246508, -0.09075114259129412, -0.33948606753753907, -0.7691469881286399, -1.1929176305474467, -1.6166882729662533, -2.0404589153850603, -2.4642295578038667, -2.4254711938157327, -2.368358061321961, -2.3112449288281893, -2.247533017031299, -2.1805521776824692, -2.113503228581465, -2.410746606561287, -2.764875052074774, -3.1103164457031194, -3.4276401713609057, -3.843527305691445, -4.222036177087133, -4.592700363981606, -4.9756672163225435, -5.319099896516757
6.pdb, 1, 1, 0.6709463680193162, 0.39906607364109353, 1.6901136713650466, -, -, -, 1.2855947383860726, 14.242397212673868, , Z, 0.29468703890342135, 0.778375912266643, 1.2620647856298648, 1.7457536589930864, 2.229442532356308, 2.692213269426617, 3.033643281505166, 3.4183372202091244, 3.8854323357230895, 4.288363326458093, 4.535190867456864, 4.79456783245712, 5.053944797457376, 5.313321762457633, 5.572698727457889, 5.782270154760798, 5.989865124150645, 6.197460093540491, 6.517119222560688, 6.914778277694013, 7.3154162662902955, 7.478983871946785, 7.6134469493204655, 7.740399033608487, 7.824215188102974, 7.955833011882376, 8.06482355655618, 8.28631753158653, 8.35864946815855, 8.431389981860397
6.pdb, 1, 1, 0.6709463680193162, 0.39906607364109353, 1.6901136713650466, -, -, -, 1.2855947383860726, 14.242397212673868, , distance, 0.4587154015605428, 0.6520750606009666, 1.067700308928801, 1.5345246869032645, 2.0173120927968644, 2.4641798825333523, 2.704097109051617, 3.0557161499270795, 3.5285279150204816, 3.934827496764548, 4.226367651958366, 4.567926870498796, 4.936570495691293, 5.326678197867283, 5.733870681166387, 5.980365586518055, 6.250463263045129, 6.54765679132192, 6.935296760821886, 7.375046951385626, 7.823213573546586, 8.176945004531248, 8.534764076075998, 8.901209822068527, 9.242414256609438, 9.6160437986961, 9.997917354150996, 10.385225277865192, 10.747595865125326, 11.13796103801602
6.pdb, 1, 1, 0.6709463680193162, 0.39906607364109353, 1.6901136713650466, -, -, -, 1.2855947383860726, 14.242397212673868, , length, 0.4587154015605428, 0.9587154015605428, 1.4587154015605428, 1.9587154015605428, 2.458715401560543, 2.958715401560543, 3.458715401560543, 3.958715401560543, 4.458715401560543, 4.958715401560543, 5.458715401560543, 5.958715401560543, 6.458715401560543, 6.958715401560543, 7.458715401560543, 7.958715401560543, 8.458715401560543, 8.958715401560543, 9.458715401560543, 9.958715401560543, 10.458715401560543, 10.958715401560543, 11.458715401560543, 11.958715401560543, 12.458715401560543, 12.958715401560543, 13.458715401560543, 13.958715401560543, 14.458715401560543, 14.958715401560543
6.pdb, 1, 1, 0.6709463680193162, 0.39906607364109353, 1.6901136713650466, -, -, -, 1.2855947383860726, 14.242397212673868, , R, 2.0182891879451574, 1.8901421972721535, 1.839830965938605, 1.871183127655611, 1.981785553068239, 2.1432753918791363, 2.2330157175273646, 2.2095134304079833, 2.187346895173044, 2.1008720785408324, 1.9174085619383205, 1.7895070758938194, 1.7421198091838594, 1.7790913692542107, 1.8974024280254242, 1.7622530430853807, 1.6939789857058407, 1.7112343856421812, 1.7189412472056154, 1.7378817879524544, 1.8370163941005055, 1.7423842813092965, 1.696500309346184, 1.7251672847274067, 1.7852980075077218, 2.0075398684672994, 2.2369044491129957, 2.337362754364656, 2.2971788829350768, 2.2577421015601233
6.pdb, 1, 1, 0.6709463680193162, 0.39906607364109353, 1.6901136713650466, -, -, -, 1.2855947383860726, 14.242397212673868, , Upper limit of R overestimation, -, -, -, -, -, -, -, -, -, -, -, -, -, -, -, -, -, -, -, -, -, -, -, -, -, -, -, -, -, -
7.pdb, 1, 1, 0.6249304479784616, 0.47011491867263544, 1.4180373311214962, -, -, -, 1.2490067264260802, 13.120086271728182, , X, 8.453867583925243, 8.461801076051032, 8.46973456817682, 8.47766806030261, 8.407785306725994, 8.233441405379372, 8.209455030196905, 8.353972250442133, 8.64214065647374, 8.978412074425933, 9.396225911680023, 9.787230317830543, 10.178234723981063, 10.408236896803205, 10.592861786536906, 10.777486676270607, 11.067010195419126, 11.430439536447599, 11.847447831253247, 12.202376523557577, 12.423486043943036, 12.540723524262571, 12.738519387559375, 12.963496309721346, 13.212749836109593, 13.654263666025425, 14.095777495941256, 14.537291325857089
7.pdb, 1, 1, 0.6249304479784616, 0.47011491867263544, 1.4180373311214962, -, -, -, 1.2490067264260802, 13.120086271728182, , Y, -0.05701524165434703, 0.02798103557449387, 0.11297731280333477, 0.19797359003217568, 0.19144002939216487, 0.06243927480086768, -0.16263887715642333, -0.3749278499041526, -0.530396665964603, -0.6352280869176319, -0.6877524707146971, -0.8081285955918885, -0.9285047204690798, -1.227541254538612, -1.5769318973494968, -1.9263225401603816, -2.216965001069423, -2.110879570867931, -2.3458077696394186, -2.6348573453094817, -3.0061778490691973, -3.490559663632859, -3.9220827795994135, -4.335912799636309, -4.697973546008314, -4.9257620817709675, -5.153550617533621, -5.381339153296274
7.pdb, 1, 1, 0.6249304479784616, 0.47011491867263544, 1.4180373311214962, -, -, -, 1.2490067264260802, 13.120086271728182, , Z, 0.318388684311938, 0.8110474836446284, 1.3037062829773187, 1.7963650823100092, 2.273267830771133, 2.719778287933238, 3.1098108729619507, 3.5383200874351948, 3.9161467842535256, 4.220749926466943, 4.391669435495829, 4.679115331153482, 4.966561226811136, 5.268741363123501, 5.575074235677224, 5.881407108230947, 5.98930702190405, 6.207019405809979, 6.345070073413761, 6.545925206218836, 6.71114175534195, 6.751445686033707, 6.817944742271125, 6.985665042207624, 7.194689548489357, 7.1383164966989785, 7.081943444908599, 7.02557039311822
7.pdb, 1, 1, 0.6249304479784616, 0.47011491867263544, 1.4180373311214962, -, -, -, 1.2490067264260802, 13.120086271728182, , distance, 0.3665414002594257, 0.5636901184824633, 1.0005700881224695, 1.4780170678365114, 1.9487882354574333, 2.4043322682951707, 2.782483883813527, 3.188051515068398, 3.5507223656813567, 3.8659614093352994, 4.081463772679056, 4.450188065373963, 4.8425201193905405, 5.249669273147399, 5.670774354764606, 6.103796858340218, 6.3881606392151795, 6.681034110635178, 7.043504706067728, 7.462844980657199, 7.829830054972417, 8.105773239589958, 8.435630006571767, 8.858678845837218, 9.30538091794516, 9.594115244268446, 9.899695985864943, 10.22061220792555
7.pdb, 1, 1, 0.6249304479784616, 0.47011491867263544, 1.4180373311214962, -, -, -, 1.2490067264260802, 13.120086271728182, , length, 0.3665414002594257, 0.8665414002594257, 1.3665414002594258, 1.8665414002594258, 2.366541400259426, 2.866541400259426, 3.366541400259426, 3.866541400259426, 4.366541400259425, 4.866541400259425, 5.366541400259425, 5.866541400259425, 6.366541400259425, 6.866541400259425, 7.366541400259425, 7.866541400259425, 8.366541400259425, 8.866541400259425, 9.366541400259425, 9.866541400259425, 10.366541400259425, 10.866541400259425, 11.366541400259425, 11.866541400259425, 12.366541400259425, 12.866541400259425, 13.366541400259425, 13.866541400259425
7.pdb, 1, 1, 0.6249304479784616, 0.47011491867263544, 1.4180373311214962, -, -, -, 1.2490067264260802, 13.120086271728182, , R, 1.9510006823447628, 1.8771179262851707, 1.8835862505196663, 1.9699138153145952, 2.0695418999384376, 2.157092699268202, 2.1528196278200813, 2.1740305942942983, 2.2262227106348655, 2.3130121223336877, 2.1395182267683612, 1.9109325294868695, 1.7501559991161575, 1.6327336557534442, 1.5906425580119021, 1.6374269697625972, 1.5494845319129549, 1.6266829538629024, 1.6162773643579744, 1.5912562108091246, 1.5256665316656826, 1.4658990839100758, 1.4640923319951396, 1.4512110536960974, 1.4678335914396239, 1.4177529480667375, 1.4623157067880868, 1.5970018498579874
7.pdb, 1, 1, 0.6249304479784616, 0.47011491867263544, 1.4180373311214962, -, -, -, 1.2490067264260802, 13.120086271728182, , Upper limit of R overestimation, -, -, -, -, -, -, -, -, -, -, -, -, -, -, -, -, -, -, -, -, -, -, -, -, -, -, -, -
8.pdb, 1, 1, 0.6084051373665729, 0.4969142745718794, 1.2117374165859276, -, -, -, 1.1897602518146309, 13.200762807339009, , X, 8.903845507845906, 8.854312359252802, 8.751324479086795, 8.650205930166294, 8.744597167198188, 8.780840507329629, 8.744403714817139, 8.744192942764274, 8.805882362944423, 8.928744952341162, 9.306175016567446, 9.68360508079373, 10.061035145020014, 10.442912223469403, 10.800709101142191, 11.15850597881498, 11.516302856487766, 11.80058317518063, 12.112133489799083, 12.423683804417538, 12.735234119035992, 13.056094033769046, 13.405199931571756, 13.704343810383017, 13.99780899610726, 14.25245201420247, 14.511251996554742, 14.836055773050745
8.pdb, 1, 1, 0.6084051373665729, 0.4969142745718794, 1.2117374165859276, -, -, -, 1.1897602518146309, 13.200762807339009, , Y, -0.060040865246596714, -0.08155992332961948, -0.20902034378612583, -0.33733639070332894, -0.5334141663866948, -0.8930183517975014, -1.3432691172810878, -1.796774533087346, -2.2450537130794834, -2.6008649209311336, -2.9264675534287647, -3.2520701859263954, -3.5776728184240265, -3.7468984734860626, -3.7133928228345665, -3.679887172183071, -3.6463815215315747, -3.7202465478621316, -3.9335449035261902, -4.146843259190249, -4.3601416148543075, -4.573636237803252, -4.752893178698798, -4.787121062743797, -4.74941263720503, -4.635651099461228, -4.528994554502369, -4.576586727553528
8.pdb, 1, 1, 0.6084051373665729, 0.4969142745718794, 1.2117374165859276, -, -, -, 1.1897602518146309, 13.200762807339009, , Z, 0.7967694557785198, 1.2819517146689623, 1.7542854570259783, 2.226842364887618, 2.662434176752006, 2.9581742457857003, 3.1725258455764322, 3.377294893807287, 3.581736973212916, 3.890637611442926, 3.929746080202975, 3.968854548963024, 4.007963017723073, 4.1929507544603775, 4.540598227774976, 4.8882457010895735, 5.235893174404172, 5.612805455293134, 5.94058619440413, 6.268366933515126, 6.596147672626122, 6.913333728771117, 7.209532546453885, 7.608708437163176, 7.831421429812453, 8.246103301693436, 8.659424976563582, 9.013561604578069
8.pdb, 1, 1, 0.6084051373665729, 0.4969142745718794, 1.2117374165859276, -, -, -, 1.1897602518146309, 13.200762807339009, , distance, 0.4213827121728171, 0.8920947621901689, 1.3655950832733785, 1.8532034539959439, 2.3071554147085247, 2.6780678431837432, 3.0354904723162734, 3.4211287310486935, 3.8289840687058274, 4.286756607458722, 4.539146435663501, 4.830260709030344, 5.1535411776765665, 5.4983559516635605, 5.835509691398046, 6.194709722465368, 6.57234233229017, 7.009718770311436, 7.497165780206903, 7.986165051697485, 8.476447942977249, 8.964597512917138, 9.435601522091723, 9.88895454651195, 10.181668644687715, 10.567785672473393, 10.967075102638427, 11.42324217878073
8.pdb, 1, 1, 0.6084051373665729, 0.4969142745718794, 1.2117374165859276, -, -, -, 1.1897602518146309, 13.200762807339009, , length, 0.4213827121728171, 0.9213827121728171, 1.421382712172817, 1.921382712172817, 2.421382712172817, 2.921382712172817, 3.421382712172817, 3.921382712172817, 4.421382712172817, 4.921382712172817, 5.421382712172817, 5.921382712172817, 6.421382712172817, 6.921382712172817, 7.421382712172817, 7.921382712172817, 8.421382712172818, 8.921382712172818, 9.421382712172818, 9.921382712172818, 10.421382712172818, 10.921382712172818, 11.421382712172818, 11.921382712172818, 12.421382712172818, 12.921382712172818, 13.421382712172818, 13.921382712172818
8.pdb, 1, 1, 0.6084051373665729, 0.4969142745718794, 1.2117374165859276, -, -, -, 1.1897602518146309, 13.200762807339009, , R, 2.040328848515302, 2.010158436551964, 1.999550357046705, 2.0646207534558183, 2.0215434150744542, 1.912401145876694, 1.823521650422338, 1.78470079766826, 1.7689924368772096, 1.7283025239435859, 1.553438143085028, 1.462308686808626, 1.4635227575370597, 1.407908551106494, 1.261472612178267, 1.2117437322553644, 1.2645827719194924, 1.3279771008366679, 1.3389406052356823, 1.4460858964656647, 1.6385421867632093, 1.8958841977181586, 2.167959853955022, 2.4055554004353006, 2.5346106636820593, 2.440108770608675, 2.4078601174010927, 2.338152869609327
8.pdb, 1, 1, 0.6084051373665729, 0.4969142745718794, 1.2117374165859276, -, -, -, 1.1897602518146309, 13.200762807339009, , Upper limit of R overestimation, -, -, -, -, -, -, -, -, -, -, -, -, -, -, -, -, -, -, -, -, -, -, -, -, -, -, -, -
9.pdb, 1, 1, 0.6076096636307939, 0.4982226037938525, 1.2283487797543715, -, -, -, 1.4680742812007912, 14.989822124484517, , X, 8.93085179244777, 9.023679115111195, 9.053486685965938, 9.055773778518281, 9.058362647734725, 9.076915438336648, 9.084408439815634, 9.242277228125076, 9.431339883407347, 9.619673217820928, 9.8226788708272, 10.229645823206718, 10.28846452623565, 10.594871907420883, 10.915212486146945, 11.281917499170524, 11.627859395684911, 11.870730948534357, 12.092165157647152, 12.171499404327088, 12.00987825833095, 11.851869346308627, 11.968027146018615, 12.178399781341573, 12.352719156685035, 12.606729171074194, 12.860739185463352, 13.11474919985251, 13.383046641291257, 13.60214659138674, 14.03454641792256, 14.493391998128322
9.pdb, 1, 1, 0.6076096636307939, 0.4982226037938525, 1.2283487797543715, -, -, -, 1.4680742812007912, 14.989822124484517, , Y, -0.20480638395210957, -0.1773912041409559, 0.0342858618499593, 0.3159959149083845, 0.5977619771740709, 0.8824909145986075, 1.1860241350716323, 1.3919061444965146, 1.3493983665092946, 1.2041346594060334, 1.0794379566462893, 1.266560841649328, 1.1472948478599116, 0.9332689528693203, 0.7185548362158073, 0.503585510823408, 0.4218918096639094, 0.1421669167225919, -0.1318677840101527, -0.47027602806075564, -0.936106950261424, -1.3795981982847396, -1.8049988540978357, -2.258049379183243, -2.6294952068572197, -3.0575808814849434, -3.485666556112667, -3.9137522307403905, -4.2789340689286135, -4.629758924031125, -4.688172917573493, -4.862021443581568
9.pdb, 1, 1, 0.6076096636307939, 0.4982226037938525, 1.2283487797543715, -, -, -, 1.4680742812007912, 14.989822124484517, , Z, -0.34916640479511013, 0.12460205933192176, 0.5665007012545127, 0.9795796467521938, 1.3926124393278119, 1.8032037521365165, 2.1837516155106034, 2.5006658759799425, 2.9471866263272863, 3.3869922772087637, 3.8141825294506697, 4.0279010705825975, 4.445987692615306, 4.776384536646374, 5.092781142099191, 5.356059744654951, 5.696010958504429, 6.031819524633209, 6.385867779918725, 6.653131717215914, 6.736078429559259, 6.8977818417951955, 7.02477337542367, 7.04687713137396, 6.926976591966545, 6.879843081928076, 6.832709571889607, 6.785576061851138, 6.948948019105138, 7.097681591739309, 6.8954839090631745, 6.8357828364825535
9.pdb, 1, 1, 0.6076096636307939, 0.4982226037938525, 1.2283487797543715, -, -, -, 1.4680742812007912, 14.989822124484517, , distance, 0.755951937957027, 0.34870066046234666, 0.3426023171990115, 0.7765207368315316, 1.2604497225523772, 1.755545020826051, 2.238152141489178, 2.634547618161556, 3.0160378537625325, 3.3764677362118016, 3.7678751548166947, 4.145425649973884, 4.500246866627263, 4.852105014046921, 5.220817664711112, 5.582612346390662, 6.032610697223397, 6.4240445084389775, 6.8352886256230825, 7.116334796345117, 7.152856883768044, 7.29167353026009, 7.536918841538294, 7.75884430241608, 7.8451192357434625, 8.069987064571425, 8.318863301056709, 8.58966134495337, 9.010071969100558, 9.393838806681401, 9.509867131129939, 9.812726494913374
9.pdb, 1, 1, 0.6076096636307939, 0.4982226037938525, 1.2283487797543715, -, -, -, 1.4680742812007912, 14.989822124484517, , length, 0.755951937957027, 1.255951937957027, 1.755951937957027, 2.255951937957027, 2.755951937957027, 3.255951937957027, 3.755951937957027, 4.255951937957027, 4.755951937957027, 5.255951937957027, 5.755951937957027, 6.255951937957027, 6.755951937957027, 7.255951937957027, 7.755951937957027, 8.255951937957027, 8.755951937957027, 9.255951937957027, 9.755951937957027, 10.255951937957027, 10.755951937957027, 11.255951937957027, 11.755951937957027, 12.255951937957027, 12.755951937957027, 13.255951937957027, 13.755951937957027, 14.255951937957027, 14.755951937957027, 15.255951937957027, 15.755951937957027, 16.25595193795703
9.pdb, 1, 1, 0.6076096636307939, 0.4982226037938525, 1.2283487797543715, -, -, -, 1.4680742812007912, 14.989822124484517, , R, 2.0953462155184592, 2.0189969495846576, 1.9564924782107458, 1.9500515195294257, 2.0218598551878335, 2.152831137374374, 2.334819664328469, 2.3445303969754807, 2.2466296145322673, 2.1719541875197725, 2.159946902680214, 2.061429413508171, 2.1018713333700383, 1.9358298227112833, 1.8284000003949046, 1.7477436141773166, 1.6862818756935825, 1.628405892430585, 1.6299437819889497, 1.6397621791596266, 1.6215378995088996, 1.655110235164983, 1.5196050867268325, 1.3491578251563443, 1.2750723872863772, 1.2284313672209868, 1.2836615083980554, 1.4343633142171972, 1.5920680165318404, 1.6938805498624998, 1.7522611397724612, 1.8615886121327863
9.pdb, 1, 1, 0.6076096636307939, 0.4982226037938525, 1.2283487797543715, -, -, -, 1.4680742812007912, 14.989822124484517, , Upper limit of R overestimation, -, -, -, -, -, -, -, -, -, -, -, -, -, -, -, -, -, -, -, -, -, -, -, -, -, -, -, -, -, -, -, -
10.pdb, 1, 2, 0.4121034013905126, 0.886480986872562, 0.909521375716815, -, -, -, 1.3460498754201946, 16.503421593145944, , X, 8.630647840760554, 8.590675802126762, 8.54636360351055, 8.505423414763793, 8.487120629465814, 8.48847740489632, 8.491454470400045, 8.49443153590377, 8.506117187014233, 8.635716250750606, 8.765315314486978, 8.797818667974143, 8.703246659712041, 8.752570475536018, 8.996994104396196, 9.486384520065704, 9.975774935735211, 10.457683429237997, 10.906295242547401, 11.300129994423383, 11.653999355011, 11.945865237084636, 12.19901842575961, 12.462453383788853, 12.780963708750273, 13.099474033711694, 13.417984358673113, 13.736494683634533, 13.994203081593936, 14.323312517966281, 14.784129029348485, 15.24494554073069, 15.69391341736412, 15.964843754070138, 16.20204506155851
10.pdb, 1, 2, 0.4121034013905126, 0.886480986872562, 0.909521375716815, -, -, -, 1.3460498754201946, 16.503421593145944, , Y, -0.2210575598032428, -0.4845494979594224, -0.5309712312391641, -0.5789253690838797, -0.6371670392096562, -0.328470070897619, 0.010469029553139109, 0.34940813000389725, 0.4064500594300773, 0.3505548488528599, 0.2946596382756426, 0.07078774596963405, -0.38329538239983185, -0.8294423564387721, -1.107374510822456, -1.110030406983665, -1.112686303144874, -1.1219755270325946, -1.1607849446627632, -1.2253525447301281, -1.2424858213468584, -1.526606732589916, -1.9531698057370175, -2.371459235945547, -2.756097121076481, -3.140735006207415, -3.525372891338349, -3.910010776469283, -4.208327468156362, -4.3437377652112605, -4.506999699787464, -4.6702616343636665, -4.826006721236145, -4.877776304933849, -4.913356227306337
10.pdb, 1, 2, 0.4121034013905126, 0.886480986872562, 0.909521375716815, -, -, -, 1.3460498754201946, 16.503421593145944, , Z, 0.3801370318536669, 0.7781724878589913, 1.2740368359755925, 1.769952338689802, 2.2662112589232786, 2.64358456159054, 3.011159619594504, 3.3787346775984677, 3.807770357834326, 4.2874367086587135, 4.767103059483101, 5.127419130178169, 5.312609971205276, 5.523984966384538, 5.699863276438575, 5.802283817671314, 5.904704358904054, 6.028211879002072, 6.245562448503179, 6.5398871838532315, 6.8810634902816465, 6.9442216793780425, 6.975341623054041, 7.042015947619629, 7.066610056974778, 7.091204166329926, 7.115798275685075, 7.140392385040223, 7.344584540079353, 7.615415481436821, 7.7202662494643866, 7.825117017491953, 7.953623990081784, 8.36634859630003, 8.805062180372571
10.pdb, 1, 2, 0.4121034013905126, 0.886480986872562, 0.909521375716815, -, -, -, 1.3460498754201946, 16.503421593145944, , distance, 0.19971810451376518, 0.5688253996031818, 1.0042873212221386, 1.4809152336731681, 1.968293079006259, 2.2825487449393966, 2.6412533652275685, 3.040133205244056, 3.469791768053187, 3.9279393890231717, 4.3952202190595395, 4.739240482982068, 4.9280923925296545, 5.179900464659119, 5.400833777886689, 5.540601232514884, 5.7207970195707105, 5.956711599544922, 6.304082878627675, 6.7246348375353415, 7.173578841615378, 7.399078629313838, 7.627933665660491, 7.913776297049353, 8.201289924364486, 8.508493260691035, 8.833332254079828, 9.173933717588618, 9.587105573569676, 10.01991757395046, 10.422348032128443, 10.83290952684744, 11.256182003948805, 11.722131891285118, 12.181513008485865
10.pdb, 1, 2, 0.4121034013905126, 0.886480986872562, 0.909521375716815, -, -, -, 1.3460498754201946, 16.503421593145944, , length, 0.19971810451376518, 0.6997181045137651, 1.199718104513765, 1.699718104513765, 2.199718104513765, 2.699718104513765, 3.199718104513765, 3.699718104513765, 4.1997181045137655, 4.6997181045137655, 5.1997181045137655, 5.6997181045137655, 6.1997181045137655, 6.6997181045137655, 7.1997181045137655, 7.6997181045137655, 8.199718104513765, 8.699718104513765, 9.199718104513765, 9.699718104513765, 10.199718104513765, 10.699718104513765, 11.199718104513765, 11.699718104513765, 12.199718104513765, 12.699718104513765, 13.199718104513765, 13.699718104513765, 14.199718104513765, 14.699718104513765, 15.199718104513765, 15.699718104513765, 16.199718104513764, 16.699718104513764, 17.199718104513764
10.pdb, 1, 2, 0.4121034013905126, 0.886480986872562, 0.909521375716815, -, -, -, 1.3460498754201946, 16.503421593145944, , R, 1.9314936914991419, 1.8264071616949609, 1.711718895197859, 1.6776337079573997, 1.7110191076092083, 1.694561264314504, 1.7526134886246425, 1.8914992986488597, 1.9041399947873667, 1.8248682257177313, 1.8272050572557788, 1.8185959660200506, 1.7543287921583366, 1.6857585492668135, 1.5687845978947859, 1.3522153411500828, 1.2210407154082066, 1.1750180098455758, 1.1697573637629375, 1.2090024381540017, 1.2707594190284668, 1.1519771617482053, 0.9978367346678183, 0.9244535767934055, 0.9232142610294469, 1.0366883100976192, 1.248981501525862, 1.5371967764675583, 1.762375882992129, 1.730749990733375, 1.5612289836949225, 1.4757196214495452, 1.4708124854839244, 1.4134581797731471, 1.4337188657090076
10.pdb, 1, 2, 0.4121034013905126, 0.886480986872562, 0.909521375716815, -, -, -, 1.3460498754201946, 16.503421593145944, , Upper limit of R overestimation, -, -, -, -, -, -, -, -, -, -, -, -, -, -, -, -, -, -, -, -, -, -, -, -, -, -, -, -, -, -, -, -, -, -, -
2.pdb, 2, 2, 0.3903684537375222, 0.9406642326837067, 0.9725320705417635, -, -, -, 1.504079625728088, 19.387058612111854, , X, 8.809032966825214, 8.83905257588365, 8.83653778174993, 8.810298854528924, 8.789350909379076, 8.780115907388941, 8.917812727484236, 8.939531762338591, 9.038298757127592, 9.46534914336233, 9.913630535059287, 10.359096691612283, 10.783934562740242, 11.11583324286597, 11.39027346914763, 11.671806251207267, 11.953339033266904, 12.117405940740147, 12.277047434044508, 12.487731686689202, 12.695215445875272, 12.462744583404566, 12.17896604168613, 11.895187499967694, 11.668278570211433, 11.477317975947958, 11.368892763793538, 11.361838551976017, 11.156367170178648, 11.340161343533888, 11.339638652364355, 11.275680037379495, 11.157556554230354, 11.11879403135245, 11.08003150847455, 11.041268985596647, 10.89016714566581, 10.708412355898911, 10.70073175932547, 10.833787273786305, 11.017103137557196
2.pdb, 2, 2, 0.3903684537375222, 0.9406642326837067, 0.9725320705417635, -, -, -, 1.504079625728088, 19.387058612111854, , Y, -0.21242387968192222, -0.11906696746638111, -0.060434621425988704, -0.06283403233854569, -0.070647127612984, -0.09012901939249955, -0.23925566969440948, -0.3473903346332689, -0.3475726485448985, -0.3372682856191129, -0.35708065394304095, -0.3650325920810706, -0.2860787029515434, -0.10869103463386871, -0.08732192068029006, -0.08187871859696405, -0.07643551651363806, 0.24748054533674277, 0.6661852991943911, 1.0796577782163521, 1.4567841183305763, 1.853492739821869, 2.245600578792454, 2.637708417763039, 3.0570687322615915, 3.4664646385662663, 3.9127295567363567, 4.4046457549398355, 4.734959047461137, 5.0709577133474015, 5.56419414926367, 6.045958110168003, 6.419773352142653, 6.700742872450445, 6.981712392758237, 7.26268191306603, 7.397917751862234, 7.466084507319002, 7.34532231520807, 7.077434231722172, 6.74193186175532
2.pdb, 2, 2, 0.3903684537375222, 0.9406642326837067, 0.9725320705417635, -, -, -, 1.504079625728088, 19.387058612111854, , Z, 0.6073544974277413, 1.0976435040488957, 1.591305003006595, 2.0904245179717726, 2.589924406997017, 3.084856966386069, 3.5251979925200456, 3.99934016694659, 4.423760845057228, 4.613519981590466, 4.834090296727469, 5.058381230934914, 5.30993453869847, 5.556795611263481, 5.963301514221838, 6.376471774740237, 6.789642035258636, 7.095501115164925, 7.310315212835994, 7.496467448328834, 7.748401532573355, 7.6594496269076275, 7.534065489641482, 7.4086813523753365, 7.261534257865547, 7.456245245436809, 7.570298578842199, 7.613303520798236, 7.469234523587905, 7.6145153647407415, 7.677618283627536, 7.74119309850445, 7.9486914935370026, 8.360460355252103, 8.772229216967203, 9.183998078682302, 9.619949307774272, 10.08072961317728, 10.515824422885206, 10.911261251912737, 11.233003492788223
2.pdb, 2, 2, 0.3903684537375222, 0.9406642326837067, 0.9725320705417635, -, -, -, 1.504079625728088, 19.387058612111854, , distance, 0.23163600786558391, 0.706159658083455, 1.201214269190411, 1.6993289449717197, 2.198404909049788, 2.6929358419682945, 3.1369271268427195, 3.616272429566465, 4.044201159667518, 4.277595625864128, 4.583599741594429, 4.923525569278244, 5.302877153132386, 5.657495699474055, 6.1413031059280145, 6.6351063722472725, 7.12977343982203, 7.48582243136622, 7.78040678025268, 8.091868607115988, 8.470189029797377, 8.372735364553636, 8.246675839777303, 8.14939429208615, 8.094023073443928, 8.363236677260529, 8.625919891810875, 8.899744719353277, 8.901684142897908, 9.251746956881798, 9.58530169551945, 9.909770916504405, 10.27040968525136, 10.744792608109076, 11.221400147915856, 11.69996044301076, 12.087548593024875, 12.45515645206965, 12.724097255983937, 12.909528155232904, 13.022441362091662
2.pdb, 2, 2, 0.3903684537375222, 0.9406642326837067, 0.9725320705417635, -, -, -, 1.504079625728088, 19.387058612111854, , length, 0.23163600786558391, 0.7316360078655839, 1.231636007865584, 1.731636007865584, 2.2316360078655837, 2.7316360078655837, 3.2316360078655837, 3.7316360078655837, 4.231636007865584, 4.731636007865584, 5.231636007865584, 5.731636007865584, 6.231636007865584, 6.731636007865584, 7.231636007865584, 7.731636007865584, 8.231636007865584, 8.731636007865584, 9.231636007865584, 9.731636007865584, 10.231636007865584, 10.731636007865584, 11.231636007865584, 11.731636007865584, 12.231636007865584, 12.731636007865584, 13.231636007865584, 13.731636007865584, 14.231636007865584, 14.731636007865584, 15.231636007865584, 15.731636007865584, 16.231636007865582, 16.731636007865582, 17.231636007865582, 17.731636007865582, 18.231636007865582, 18.731636007865582, 19.231636007865582, 19.731636007865582, 20.231636007865582
2.pdb, 2, 2, 0.3903684537375222, 0.9406642326837067, 0.9725320705417635, -, -, -, 1.504079625728088, 19.387058612111854, , R, 1.8900890289546892, 1.8564823143241072, 1.8784013488601599, 1.9274649993774065, 2.04731669114466, 2.221501495766179, 2.2028965069353497, 2.1377651269515763, 2.1392952036248394, 1.9013399599552299, 1.6985973238795384, 1.5649855788581932, 1.4633233628949365, 1.38440817093096, 1.2535410369238866, 1.2223927908717547, 1.2932127961057314, 1.2179452640351454, 1.1164529999590436, 1.0825249357794926, 1.1233852619586628, 1.0104385973225642, 0.9739250827623123, 1.050746928997772, 1.1906666999979374, 1.2022094976331272, 1.1719249097810989, 1.114436463424221, 1.1211496627414756, 1.1628157310538658, 1.2667877944523223, 1.4193689581772577, 1.4706501093141109, 1.4708645039850585, 1.5630892839203068, 1.7386744602257516, 1.7642105665767154, 1.7925536362754853, 1.7626107793813335, 1.7013625120609894, 1.6535573554742438
2.pdb, 2, 2, 0.3903684537375222, 0.9406642326837067, 0.9725320705417635, -, -, -, 1.504079625728088, 19.387058612111854, , Upper limit of R overestimation, -, -, -, -, -, -, -, -, -, -, -, -, -, -, -, -, -, -, -, -, -, -, -, -, -, -, -, -, -, -, -, -, -, -, -, -, -, -, -, -, -
3.pdb, 2, 2, 0.45676160854758585, 0.7835936685076672, 1.1328010750407247, -, -, -, 1.2917084914603014, 17.552554453704897, , X, 8.954810850888068, 8.979528387597401, 8.976853060686878, 8.974177733776354, 8.97150240686583, 8.965713852431556, 8.865941010347097, 8.9183151785275, 8.970689346707903, 8.963638442368918, 8.912226334953592, 8.860814227538269, 8.793290937059753, 8.9543266330111, 9.001277732592142, 9.005436384044275, 9.000858280695123, 9.006043527335107, 9.314315345539908, 9.634135051120515, 9.95395475670112, 10.273774462281727, 10.588418437991661, 10.781060710529315, 10.829036687884063, 10.870347171869316, 10.911856493004386, 10.847695563843173, 10.796066138371371, 10.728237653005287, 10.647145800521972, 10.477987268303563, 10.352365059586274, 10.420870805862949, 10.640589682027244, 10.836265879522019, 11.031942077016794
3.pdb, 2, 2, 0.45676160854758585, 0.7835936685076672, 1.1328010750407247, -, -, -, 1.2917084914603014, 17.552554453704897, , Y, -0.2898745856000346, -0.07802687202078065, 0.2195479617219756, 0.5171227954647319, 0.8146976292074882, 1.1163492047012336, 1.5830142491515793, 2.071201381671271, 2.559388514190963, 3.0525799479558926, 3.5495071251433097, 4.046434302330727, 4.456986679650559, 4.756856576595972, 5.230415515536183, 5.730396591606547, 6.230102344930713, 6.689271559465312, 6.702343304887889, 6.67077464248534, 6.6392059800827905, 6.607637317680242, 6.578109106343195, 6.595502407239853, 6.657466610294015, 6.727154988726703, 6.794127313334122, 6.965369315822409, 7.204769758099784, 7.257412833188987, 7.166090607697262, 7.091958248842056, 7.183718687938669, 7.431858440097395, 7.6277805413429025, 7.697561350605103, 7.767342159867304
3.pdb, 2, 2, 0.45676160854758585, 0.7835936685076672, 1.1328010750407247, -, -, -, 1.2917084914603014, 17.552554453704897, , Z, 0.5354724305062158, 0.9759011245879117, 1.3776996573738003, 1.7794981901596887, 2.1812967229455773, 2.5707586860696696, 2.523115039188584, 2.617615145800226, 2.7121152524118677, 2.7642439640590313, 2.7847421538244794, 2.805240343589928, 2.7319862890167053, 2.997447894259025, 3.046437141124333, 3.045160743998904, 3.033691333650987, 3.0766308612451208, 3.4478114656304992, 3.8308503350373106, 4.213889204444122, 4.5969280738509335, 4.983324749890373, 5.441525164793286, 5.932695541091871, 6.426082059602924, 6.9198347142748595, 7.355895419750727, 7.791810354873222, 8.25253033222812, 8.737385323531772, 9.189973314513917, 9.664928578662622, 10.001196404180481, 10.369142125097827, 10.823940392896528, 11.278738660695229
3.pdb, 2, 2, 0.45676160854758585, 0.7835936685076672, 1.1328010750407247, -, -, -, 1.2917084914603014, 17.552554453704897, , distance, 0.2633003933151029, 0.6107526011999292, 1.0582469825507146, 1.5384260178126554, 2.028206732186864, 2.5131059597935943, 2.7324346024873973, 3.1295770568916166, 3.5527885179355003, 3.969521019000441, 4.387210506374273, 4.820594873477267, 5.146073255654921, 5.536725035542026, 5.9815052130329285, 6.4327208759720556, 6.8862515182076285, 7.32799276928057, 7.498443922466713, 7.662333002463307, 7.854682222910022, 8.07345766107429, 8.31896056093274, 8.63594918784416, 8.989416866966508, 9.361590931381473, 9.743570036452647, 10.14660160730658, 10.604685341547, 10.954411019702434, 11.234363190565345, 11.502154675030443, 11.908443689284589, 12.331515972582595, 12.768347743799811, 13.196807683028842, 13.630141669810346
3.pdb, 2, 2, 0.45676160854758585, 0.7835936685076672, 1.1328010750407247, -, -, -, 1.2917084914603014, 17.552554453704897, , length, 0.2633003933151029, 0.7633003933151029, 1.2633003933151028, 1.7633003933151028, 2.263300393315103, 2.763300393315103, 3.263300393315103, 3.763300393315103, 4.263300393315102, 4.763300393315102, 5.263300393315102, 5.763300393315102, 6.263300393315102, 6.763300393315102, 7.263300393315102, 7.763300393315102, 8.263300393315102, 8.763300393315102, 9.263300393315102, 9.763300393315102, 10.263300393315102, 10.763300393315102, 11.263300393315102, 11.763300393315102, 12.263300393315102, 12.763300393315102, 13.263300393315102, 13.763300393315102, 14.263300393315102, 14.763300393315102, 15.263300393315102, 15.763300393315102, 16.263300393315102, 16.763300393315102, 17.263300393315102, 17.763300393315102, 18.263300393315102
3.pdb, 2, 2, 0.45676160854758585, 0.7835936685076672, 1.1328010750407247, -, -, -, 1.2917084914603014, 17.552554453704897, , R, 2.018186798952068, 1.850063625300962, 1.7116637041374128, 1.6552903413835798, 1.685754726446013, 1.7939449102547165, 1.66728534857513, 1.4250098509336324, 1.2617124456044044, 1.1646023271562898, 1.1493862619448756, 1.238829114562497, 1.3108385624377095, 1.3699042234948846, 1.3927633502093368, 1.492918765243869, 1.6746966685068887, 1.8808518569137809, 1.6094003889220307, 1.3645787205988393, 1.2002911246391557, 1.1336089972175338, 1.1697477368695808, 1.239329596015834, 1.3284886619941025, 1.5086106014954088, 1.7616899015634846, 1.8759488024120425, 1.9007070717518941, 1.8722055736984748, 1.8197413282110293, 1.763272261146558, 1.7321376999988585, 1.7905589811617577, 1.77500360930762, 1.7440425254885066, 1.7973532171527797
3.pdb, 2, 2, 0.45676160854758585, 0.7835936685076672, 1.1328010750407247, -, -, -, 1.2917084914603014, 17.552554453704897, , Upper limit of R overestimation, -, -, -, -, -, -, -, -, -, -, -, -, -, -, -, -, -, -, -, -, -, -, -, -, -, -, -, -, -, -, -, -, -, -, -, -, -
4.pdb, 2, 2, 0.4524942575281363, 0.7929802064682371, 1.0374708092975855, -, -, -, 1.4272036722164967, 18.326784617829517, , X, 9.05057059060866, 9.040224643430793, 9.117095519521799, 9.087039816976882, 9.053533659468396, 9.029551514531919, 9.315873746720436, 9.265329172864806, 9.214784599009178, 9.164240025153548, 9.094364696247746, 9.055383173897361, 9.197505118647559, 9.362551720417214, 9.451016512591252, 9.337183524971437, 9.223350537351621, 9.109517549731805, 8.99568456211199, 9.255281700672315, 9.233828264296923, 9.60779879164025, 9.65347232656376, 9.69654907400164, 9.739625821439521, 9.83975409363408, 10.24490160565672, 10.582054817809244, 10.752118195399719, 10.991206930338723, 11.104459886858912, 11.021408257416251, 10.90734365198092, 10.737700524446378, 10.628039568100391, 10.593731449299211, 10.559423330498031, 10.706964248349111, 10.90303704547502
4.pdb, 2, 2, 0.4524942575281363, 0.7929802064682371, 1.0374708092975855, -, -, -, 1.4272036722164967, 18.326784617829517, , Y, -0.1312205247434691, -0.35297360406304656, -0.057078251389718115, 0.1627168116249128, 0.3775793955889103, 0.5938450166336069, 0.880809937341376, 1.374354721358813, 1.8678995053762497, 2.361444289393687, 2.8560782238682565, 3.2588066021197513, 3.725583391090836, 4.121140637694975, 4.541575867532291, 5.0277285412429755, 5.513881214953659, 6.000033888664342, 6.4861865623750266, 6.833506743616257, 7.074050194231098, 7.184073430845261, 7.3236933273588924, 7.388259341190387, 7.452825355021882, 7.482806387425611, 7.299669513546955, 7.067879938883752, 6.884349005323212, 6.770458438182325, 6.714466681900191, 6.880684814100809, 7.077347825437607, 7.229631850167961, 7.15475145300494, 7.129215929396053, 7.103680405787165, 7.124931460390398, 6.971559786203644
4.pdb, 2, 2, 0.4524942575281363, 0.7929802064682371, 1.0374708092975855, -, -, -, 1.4272036722164967, 18.326784617829517, , Z, 0.35528026410812164, 0.7726776452132752, 1.128441955809277, 1.574425982821428, 2.0246608186808164, 2.470605480126777, 2.761408998609756, 2.699289821032021, 2.637170643454285, 2.57505146587655, 2.555872473749128, 2.4243966230336484, 2.485238020362103, 2.7427143957895224, 2.936739454257791, 2.9631521173855497, 2.989564780513308, 3.0159774436410665, 3.0423901067688246, 3.1255178858037045, 3.502321246278967, 3.7103742736659475, 4.132977546121517, 4.626916432713861, 5.120855319306204, 5.56289976859388, 5.753076659309586, 6.030123358135409, 6.433630674675114, 6.85321926645233, 7.278175610970422, 7.742367337926706, 8.1838668968354, 8.598535488207451, 9.075577255953744, 9.57374478803341, 10.071912320113075, 10.457842144371014, 10.891469389576356
4.pdb, 2, 2, 0.4524942575281363, 0.7929802064682371, 1.0374708092975855, -, -, -, 1.4272036722164967, 18.326784617829517, , distance, 0.2472962809011203, 0.5008252246442927, 0.8021483977663296, 1.2489889657857123, 1.7262325169453479, 2.210908764824347, 2.624332132011468, 2.7902491974421593, 3.030488744170711, 3.328998869519804, 3.6958825275035903, 3.956189577080735, 4.401323294452189, 4.886307317318512, 5.355411211304352, 5.784180679886118, 6.22358924037981, 6.671535050374451, 7.126408409835794, 7.49086395441225, 7.855073894056659, 8.068202084147206, 8.379447482101162, 8.671535869362428, 8.981977987168912, 9.257652979458852, 9.271199764713643, 9.311137261787133, 9.457050445993973, 9.699760901899579, 9.974754910409628, 10.393790243953312, 10.817499796506862, 11.188618545322836, 11.477566724604575, 11.838037350674103, 12.208346272700494, 12.550332919295034, 12.845674597503097
4.pdb, 2, 2, 0.4524942575281363, 0.7929802064682371, 1.0374708092975855, -, -, -, 1.4272036722164967, 18.326784617829517, , length, 0.2472962809011203, 0.7472962809011203, 1.2472962809011203, 1.7472962809011203, 2.2472962809011205, 2.7472962809011205, 3.2472962809011205, 3.7472962809011205, 4.2472962809011205, 4.7472962809011205, 5.2472962809011205, 5.7472962809011205, 6.2472962809011205, 6.7472962809011205, 7.2472962809011205, 7.7472962809011205, 8.247296280901121, 8.747296280901121, 9.247296280901121, 9.747296280901121, 10.247296280901121, 10.747296280901121, 11.247296280901121, 11.747296280901121, 12.247296280901121, 12.747296280901121, 13.247296280901121, 13.747296280901121, 14.247296280901121, 14.747296280901121, 15.247296280901121, 15.747296280901121, 16.24729628090112, 16.74729628090112, 17.24729628090112, 17.74729628090112, 18.24729628090112, 18.74729628090112, 19.24729628090112
4.pdb, 2, 2, 0.4524942575281363, 0.7929802064682371, 1.0374708092975855, -, -, -, 1.4272036722164967, 18.326784617829517, , R, 1.8997479617256425, 1.8648697155965983, 1.8332989957731252, 1.7882997102576368, 1.8239559885357386, 1.9316462741231895, 1.8225921798226647, 1.5563355675519583, 1.3609974690301472, 1.2535750063541296, 1.2054380238795195, 1.2484788968525644, 1.1552366059314931, 1.0814771723579677, 1.0688473073811553, 1.0407628860022242, 1.1225779897259238, 1.3035412370148036, 1.5642483485584122, 1.725157735945962, 1.6641108443491277, 1.6647030450884708, 1.6057225821348224, 1.5294989552620637, 1.5437656397097947, 1.617852649907712, 1.5943649544447396, 1.6051141172912866, 1.683875665474141, 1.6868910946970443, 1.680866822592016, 1.6597526339807611, 1.7108398140509096, 1.7672337191313068, 1.681549966671118, 1.6609600657163115, 1.7269189918452887, 1.7459941402305292, 1.7006433753563102
4.pdb, 2, 2, 0.4524942575281363, 0.7929802064682371, 1.0374708092975855, -, -, -, 1.4272036722164967, 18.326784617829517, , Upper limit of R overestimation, -, -, -, -, -, -, -, -, -, -, -, -, -, -, -, -, -, -, -, -, -, -, -, -, -, -, -, -, -, -, -, -, -, -, -, -, -, -, -
5.pdb, 2, 2, 0.3174581948181445, 1.1474091391827401, 0.982762019550355, -, -, -, 1.2506040398568798, 18.63151812533629, , X, 8.579975246995428, 8.628284969976681, 8.657386048433894, 8.652482056711758, 8.684114904331324, 8.843162108781865, 8.958333639910569, 8.978090275677314, 8.880177263559274, 8.79280384370806, 8.866363041537497, 8.920029392858066, 8.907302062658598, 8.89457473245913, 8.881847402259663, 8.922655032831646, 9.080734302786423, 9.329498952558623, 9.578263602330825, 9.827028252103025, 9.990617542011934, 10.078607661302287, 10.134415929593063, 10.333478411731418, 10.548342516315795, 10.784855840538793, 10.892041720118911, 10.801603082002638, 10.786871691710207, 10.631835391359772, 10.478168979736035, 10.421332518531045, 10.439410571203377, 10.461469953736163, 10.624239807017696, 10.790797573906499, 10.973276258527086, 11.165033405845453, 11.35679055316382
5.pdb, 2, 2, 0.3174581948181445, 1.1474091391827401, 0.982762019550355, -, -, -, 1.2506040398568798, 18.63151812533629, , Y, -0.04589325571504255, 0.44644955150301513, 0.8706267025993891, 1.174130168608919, 1.485377611740284, 1.9186304100467142, 2.3811689037736596, 2.855635474110004, 3.3448122484375196, 3.8052448926224307, 4.247184399268804, 4.721629181967005, 5.21960873964165, 5.717588297316296, 6.215567854990941, 6.685217503468652, 6.9359120489728205, 6.854252179422652, 6.772592309872483, 6.690932440322314, 6.624778295973068, 6.573217606812399, 6.528027675569694, 6.575402974232575, 6.706725822969899, 6.687062947332881, 6.754086462994942, 6.78554211007629, 6.792618261847164, 6.792353186148602, 6.801560900692385, 7.067957961033484, 7.533334931325064, 7.997762531322593, 8.378505650316246, 8.745462411931701, 9.168023983046323, 9.59816552877956, 10.028307074512798
5.pdb, 2, 2, 0.3174581948181445, 1.1474091391827401, 0.982762019550355, -, -, -, 1.2506040398568798, 18.63151812533629, , Z, 0.7599844728377445, 0.8325429378581478, 1.0223304027957367, 1.4196484076550577, 1.793098052500311, 1.963908164238986, 2.1148838584360266, 2.2132354458538557, 2.2466887792677306, 2.4051257148974208, 2.6047941893982154, 2.711365393871792, 2.754427850886671, 2.79749030790155, 2.8405527649164286, 2.8932332273634875, 3.2431375895381866, 3.669104506949344, 4.095071424360501, 4.521038341771659, 4.98620727511967, 5.473822899145699, 5.968639337135247, 6.396557749807846, 6.825512462106566, 7.26559747524229, 7.709618952611661, 8.16289369422509, 8.65844026895189, 9.133520104065049, 9.60923204624389, 9.919307357700184, 10.10123442972028, 10.283827589473029, 10.55938881948532, 10.854989455342086, 11.042493654071006, 11.210444382222281, 11.378395110373555
5.pdb, 2, 2, 0.3174581948181445, 1.1474091391827401, 0.982762019550355, -, -, -, 1.2506040398568798, 18.63151812533629, , distance, 0.4391129787165725, 0.744067234796815, 1.1887785577379961, 1.6644899626578065, 2.138942251521563, 2.5794642419165856, 3.04607353571501, 3.49830623801701, 3.9362187296435227, 4.416986293495435, 4.901767670072254, 5.37538714402544, 5.845518671138992, 6.320236555787701, 6.798580124378601, 7.257194522917059, 7.620988002205984, 7.729256475341362, 7.867868402143313, 8.035253619225964, 8.25142292301312, 8.5045009736344, 8.783046525486956, 9.126811162773711, 9.545353651189696, 9.878335374769119, 10.258457671801445, 10.589601696816501, 10.960196891404763, 11.296546609476398, 11.650960697150804, 12.04708459389729, 12.474105146687343, 12.90679149253501, 13.37944158724075, 13.860648411392988, 14.300711875210096, 14.736511905107248, 15.176271153381524
5.pdb, 2, 2, 0.3174581948181445, 1.1474091391827401, 0.982762019550355, -, -, -, 1.2506040398568798, 18.63151812533629, , length, 0.4391129787165725, 0.9391129787165725, 1.4391129787165724, 1.9391129787165724, 2.4391129787165724, 2.9391129787165724, 3.4391129787165724, 3.9391129787165724, 4.439112978716572, 4.939112978716572, 5.439112978716572, 5.939112978716572, 6.439112978716572, 6.939112978716572, 7.439112978716572, 7.939112978716572, 8.439112978716572, 8.939112978716572, 9.439112978716572, 9.939112978716572, 10.439112978716572, 10.939112978716572, 11.439112978716572, 11.939112978716572, 12.439112978716572, 12.939112978716572, 13.439112978716572, 13.939112978716572, 14.439112978716572, 14.939112978716572, 15.439112978716572, 15.939112978716572, 16.439112978716572, 16.939112978716572, 17.439112978716572, 17.939112978716572, 18.439112978716572, 18.939112978716572, 19.439112978716572
5.pdb, 2, 2, 0.3174581948181445, 1.1474091391827401, 0.982762019550355, -, -, -, 1.2506040398568798, 18.63151812533629, , R, 1.8871244475968936, 1.750062908503321, 1.650970301791397, 1.5595773405421116, 1.5296705177767833, 1.3366428792705747, 1.2010388821439795, 1.1157725866204016, 1.0745870514622855, 1.07225642344765, 1.0123265703866375, 0.9827866779001473, 1.036749690364059, 1.1961512209101215, 1.441975050903096, 1.7237590114064518, 1.7009977798961076, 1.4310617495926603, 1.2349915279887596, 1.1314977058930331, 1.1097373026556008, 1.1754986998035262, 1.332449718503837, 1.4778500704875988, 1.5622200736232215, 1.6652844817432453, 1.7798775984086144, 1.7190200710128616, 1.6088911344446, 1.4829332794526786, 1.4414636817918927, 1.3264052640697621, 1.1689825444006232, 1.1071413543410775, 1.006210198693798, 1.0021384921276895, 1.0230636222120657, 1.142268879457822, 1.3554716079327844
5.pdb, 2, 2, 0.3174581948181445, 1.1474091391827401, 0.982762019550355, -, -, -, 1.2506040398568798, 18.63151812533629, , Upper limit of R overestimation, -, -, -, -, -, -, -, -, -, -, -, -, -, -, -, -, -, -, -, -, -, -, -, -, -, -, -, -, -, -, -, -, -, -, -, -, -, -, -
6.pdb, 2, 2, 0.4844790090714678, 0.7246811735197591, 1.2178014143604348, -, -, -, 1.521540532709694, 18.562401567913255, , X, 9.22459209747779, 9.247546922473603, 9.270501747469414, 9.293456572465226, 9.316411397461037, 9.324898611411115, 9.26208214168884, 9.224663038731057, 9.3033002115917, 9.509499029347165, 9.913870438350642, 10.302685369693817, 10.68160768731409, 11.060397459667131, 11.439187232020172, 11.805139063781018, 12.101845944365738, 12.23368149411354, 12.429098775675062, 12.60762948097274, 12.602638295701311, 12.611890234601061, 12.321114387946476, 11.985912616660872, 11.830043073322527, 11.831623026252355, 11.833202979182186, 11.824876362972077, 11.662805396102192, 11.458837799358653, 11.39868421508666, 11.420788338296754, 11.427740091499286, 11.46589294218548, 11.547667338554882, 11.389686093433838, 11.229582850899135, 11.108787955093636, 10.995782338090203
6.pdb, 2, 2, 0.4844790090714678, 0.7246811735197591, 1.2178014143604348, -, -, -, 1.521540532709694, 18.562401567913255, , Y, 0.034075899261322457, 0.15864776524248608, 0.2832196312236497, 0.40779149720481334, 0.5323633631859769, 0.5900839204557338, 0.23062046841356518, -0.05392381022246508, -0.09075114259129412, -0.07593642964065875, 0.15116838656366077, 0.04305172990338743, -0.04364662823776672, -0.12951270953373384, -0.215378790829701, -0.2658322150881835, -0.13213723940105132, 0.25637181617704463, 0.6472242927871223, 1.053764753108174, 1.4904335353320752, 1.8892054309303088, 2.2632373644978383, 2.633827290431761, 3.0676185076527585, 3.556898978481729, 4.046179449310699, 4.511522142726505, 4.968341123904152, 5.4235070605331615, 5.907157602915647, 6.403314726842195, 6.895396318717755, 7.374982555414567, 7.557742210862411, 7.447590279476302, 7.33966730318017, 7.257120099446982, 7.1667022067724675
6.pdb, 2, 2, 0.4844790090714678, 0.7246811735197591, 1.2178014143604348, -, -, -, 1.521540532709694, 18.562401567913255, , Z, 0.29468703890342135, 0.778375912266643, 1.2620647856298648, 1.7457536589930864, 2.229442532356308, 2.692213269426617, 3.033643281505166, 3.4183372202091244, 3.8854323357230895, 4.256473498386606, 4.443308093784097, 4.71864400188683, 5.033034280506137, 5.347907785970801, 5.662781291435464, 5.991025054685672, 6.343154086873134, 6.628951395391796, 6.866793272826065, 7.09037852009034, 7.300118279634065, 7.601606881255398, 7.593686627880465, 7.611090056372673, 7.56439787862959, 7.4614312596984025, 7.358464640767215, 7.437620753222715, 7.524055957962838, 7.552887776332637, 7.5830454452210105, 7.632882640716405, 7.721242020889794, 7.809360760556121, 8.15625401129896, 8.61767407826822, 9.078846498864088, 9.55376128452828, 10.032357497645322
6.pdb, 2, 2, 0.4844790090714678, 0.7246811735197591, 1.2178014143604348, -, -, -, 1.521540532709694, 18.562401567913255, , distance, 0.4587154015605428, 0.6520750606009666, 1.067700308928801, 1.5345246869032645, 2.0173120927968644, 2.4641798825333523, 2.704097109051617, 3.0557161499270795, 3.5285279150204816, 3.9280039727179012, 4.208912047481914, 4.5810262266970625, 5.0060817014276315, 5.444260498528087, 5.892290789692751, 6.352908680170151, 6.802550952941864, 7.126762190417298, 7.45947682548074, 7.791586228502537, 8.046488936820328, 8.39767935704778, 8.362170688180056, 8.357108236310479, 8.41339816533044, 8.526043786009382, 8.666116580886321, 8.95880929749175, 9.218433506757197, 9.439965933832177, 9.73820396907516, 10.094569120544273, 10.48296543429311, 10.879274529496909, 11.262407248908998, 11.475958767640012, 11.707780673315126, 11.989650800122286, 12.28476184388722
6.pdb, 2, 2, 0.4844790090714678, 0.7246811735197591, 1.2178014143604348, -, -, -, 1.521540532709694, 18.562401567913255, , length, 0.4587154015605428, 0.9587154015605428, 1.4587154015605428, 1.9587154015605428, 2.458715401560543, 2.958715401560543, 3.458715401560543, 3.958715401560543, 4.458715401560543, 4.958715401560543, 5.458715401560543, 5.958715401560543, 6.458715401560543, 6.958715401560543, 7.458715401560543, 7.958715401560543, 8.458715401560543, 8.958715401560543, 9.458715401560543, 9.958715401560543, 10.458715401560543, 10.958715401560543, 11.458715401560543, 11.958715401560543, 12.458715401560543, 12.958715401560543, 13.458715401560543, 13.958715401560543, 14.458715401560543, 14.958715401560543, 15.458715401560543, 15.958715401560543, 16.458715401560543, 16.958715401560543, 17.458715401560543, 17.958715401560543, 18.458715401560543, 18.958715401560543, 19.458715401560543
6.pdb, 2, 2, 0.4844790090714678, 0.7246811735197591, 1.2178014143604348, -, -, -, 1.521540532709694, 18.562401567913255, , R, 2.0182891879451574, 1.8901421972721535, 1.839830965938605, 1.871183127655611, 1.981785553068239, 2.1432753918791363, 2.2330157175273646, 2.2095134304079833, 2.187346895173044, 2.1122612211569782, 1.9488948009838956, 1.7361777980206605, 1.5540788554855365, 1.4544398912505734, 1.4471025537920112, 1.5121758996999157, 1.5364792728591776, 1.4275347065160136, 1.36787708179768, 1.3526311835824563, 1.2955197131302805, 1.2883553296772854, 1.2491411397427574, 1.2621937037246684, 1.247394578921697, 1.2203345857040746, 1.2952552551944085, 1.3287290662595341, 1.3383037228266648, 1.424207246076117, 1.5061887319988572, 1.6094393654756696, 1.7765805219562665, 1.9887406480820966, 1.8468527851191097, 1.7102256432951888, 1.6527073928458849, 1.6451119337981626, 1.7129977560329228
6.pdb, 2, 2, 0.4844790090714678, 0.7246811735197591, 1.2178014143604348, -, -, -, 1.521540532709694, 18.562401567913255, , Upper limit of R overestimation, -, -, -, -, -, -, -, -, -, -, -, -, -, -, -, -, -, -, -, -, -, -, -, -, -, -, -, -, -, -, -, -, -, -, -, -, -, -, -
7.pdb, 2, 2, 0.4220768643314404, 0.8625678385666425, 0.9590309236704264, -, -, -, 1.4349263785240125, 17.69499497708463, , X, 8.453867583925243, 8.461801076051032, 8.46973456817682, 8.47766806030261, 8.407785306725994, 8.233441405379372, 8.209455030196905, 8.353972250442133, 8.64214065647374, 8.978412074425933, 9.281493598028039, 9.483978607034334, 9.742122758713547, 10.030048770828486, 10.326824329939997, 10.560859604843792, 10.630724173809277, 10.700588742774762, 10.931213608817728, 11.132997463254751, 11.260784933664514, 11.25176756534974, 11.414386071995596, 11.58315896059663, 11.691506049897924, 11.52108215956724, 11.322163661865805, 11.123245164164368, 10.960923426088605, 10.874064823135791, 10.781303923420047, 10.519507656577115, 10.304378302651598, 10.278265597355535, 10.403359682010995, 10.528453766666455, 10.635799692435397, 10.727876376604893
7.pdb, 2, 2, 0.4220768643314404, 0.8625678385666425, 0.9590309236704264, -, -, -, 1.4349263785240125, 17.69499497708463, , Y, -0.05701524165434703, 0.02798103557449387, 0.11297731280333477, 0.19797359003217568, 0.19144002939216487, 0.06243927480086768, -0.16263887715642333, -0.3749278499041526, -0.530396665964603, -0.6352280869176319, -0.3766180830373476, -0.034967605218391706, 0.22137995166997643, 0.4855592927180655, 0.7244887315748079, 1.0032150822778878, 1.4517424169427697, 1.9002697516076519, 2.1906306117011285, 2.5121731152106213, 2.955466351905742, 3.4321213477615853, 3.83595716073277, 4.232678155814649, 4.491951189945753, 4.829936364361777, 5.288424849231925, 5.7469133341020715, 6.213192178400353, 6.421995408828999, 6.599369541833635, 6.847128662219191, 6.826034778563122, 6.57725615953647, 6.326644808570983, 6.076033457605498, 5.819990230442265, 5.679617935487058
7.pdb, 2, 2, 0.4220768643314404, 0.8625678385666425, 0.9590309236704264, -, -, -, 1.4349263785240125, 17.69499497708463, , Z, 0.318388684311938, 0.8110474836446284, 1.3037062829773187, 1.7963650823100092, 2.273267830771133, 2.719778287933238, 3.1098108729619507, 3.5383200874351948, 3.9161467842535256, 4.220749926466943, 4.4130859025136004, 4.716853531028885, 5.035399682013982, 5.332582334335044, 5.641921281215099, 5.912352519374193, 6.121976401748515, 6.331600284122838, 6.64029780340578, 6.726299174153354, 6.691268112849893, 6.715844955811632, 6.912533924160036, 7.15570133814136, 7.439962497999337, 7.3353000165998745, 7.320476369488566, 7.305652722377257, 7.2992455057223475, 7.717811899966342, 8.17599726903085, 8.504024949478744, 8.88952070220435, 9.280698054386994, 9.694878474918273, 10.10905889544955, 10.52398889645273, 10.994963952099374
7.pdb, 2, 2, 0.4220768643314404, 0.8625678385666425, 0.9590309236704264, -, -, -, 1.4349263785240125, 17.69499497708463, , distance, 0.3665414002594257, 0.5636901184824633, 1.0005700881224695, 1.4780170678365114, 1.9487882354574333, 2.4043322682951707, 2.782483883813527, 3.188051515068398, 3.5507223656813567, 3.8659614093352994, 4.056522535582203, 4.378323330519372, 4.749268973828375, 5.126309068898523, 5.5312986947724285, 5.901384478526217, 6.216844701205176, 6.555301466325984, 6.994458392786925, 7.245434306098296, 7.429714475328421, 7.657146732833417, 8.063325610807082, 8.512202033788169, 8.906439801528503, 8.952209640218838, 9.146090667920241, 9.362686130016765, 9.61977630370378, 10.040996690218206, 10.474917633222443, 10.833583180485375, 11.080818114255816, 11.229891875037605, 11.433790071871423, 11.655584039001022, 11.889449916431998, 12.24010176128819
7.pdb, 2, 2, 0.4220768643314404, 0.8625678385666425, 0.9590309236704264, -, -, -, 1.4349263785240125, 17.69499497708463, , length, 0.3665414002594257, 0.8665414002594257, 1.3665414002594258, 1.8665414002594258, 2.366541400259426, 2.866541400259426, 3.366541400259426, 3.866541400259426, 4.366541400259425, 4.866541400259425, 5.366541400259425, 5.866541400259425, 6.366541400259425, 6.866541400259425, 7.366541400259425, 7.866541400259425, 8.366541400259425, 8.866541400259425, 9.366541400259425, 9.866541400259425, 10.366541400259425, 10.866541400259425, 11.366541400259425, 11.866541400259425, 12.366541400259425, 12.866541400259425, 13.366541400259425, 13.866541400259425, 14.366541400259425, 14.866541400259425, 15.366541400259425, 15.866541400259425, 16.366541400259425, 16.866541400259425, 17.366541400259425, 17.866541400259425, 18.366541400259425, 18.866541400259425
7.pdb, 2, 2, 0.4220768643314404, 0.8625678385666425, 0.9590309236704264, -, -, -, 1.4349263785240125, 17.69499497708463, , R, 1.9510006823447628, 1.8771179262851707, 1.8835862505196663, 1.9699138153145952, 2.0695418999384376, 2.157092699268202, 2.1528196278200813, 2.1740305942942983, 2.2262227106348655, 2.3130121223336877, 2.1019051287084904, 1.8281808426542694, 1.5924239695292244, 1.3534347443927495, 1.1525867552288573, 1.0195982818361633, 0.9589639901697999, 1.012608073963791, 1.1283046529098526, 1.152986420563283, 1.1051796872901287, 1.0315268279909475, 0.9907490038138345, 1.0284100451034843, 1.0501791269353344, 1.1119044320230114, 1.1997295029673147, 1.3831185168350062, 1.6103959024191663, 1.5929924217805127, 1.6434662214836029, 1.6409294634865634, 1.6188348432496975, 1.5522432680458438, 1.4246272198418122, 1.3889173566889792, 1.434835372053682, 1.503128178646343
7.pdb, 2, 2, 0.4220768643314404, 0.8625678385666425, 0.9590309236704264, -, -, -, 1.4349263785240125, 17.69499497708463, , Upper limit of R overestimation, -, -, -, -, -, -, -, -, -, -, -, -, -, -, -, -, -, -, -, -, -, -, -, -, -, -, -, -, -, -, -, -, -, -, -, -, -, -
8.pdb, 2, 2, 0.38585634977900557, 0.9522901296142041, 1.0219813916540164, -, -, -, 1.4540299739347213, 19.742970757534632, , X, 8.903845507845906, 8.854312359252802, 8.751324479086795, 8.650205930166294, 8.630763078748016, 8.659296861957023, 8.820452831159665, 9.165327990983505, 9.557466692926491, 9.716260930369483, 9.654364146235316, 9.998514825445696, 10.337379598044352, 10.65805389742906, 10.978728196813769, 11.3704365247045, 11.751954212205131, 12.094845828968202, 12.22703920399459, 12.223636259825899, 12.00766802864853, 11.82440717583742, 11.606925522648806, 11.280522167328671, 11.191285221868645, 11.252209385756297, 11.271442274109146, 11.276643874451262, 11.114961914835463, 10.924223091009852, 10.995795554122923, 10.947628789257825, 10.889942688428198, 10.904283745297494, 10.765186373932076, 10.684136548603641, 10.603086723275206, 10.574331621090815, 10.709458043772772, 10.9276573542747, 11.260764168880392, 11.593333167905932
8.pdb, 2, 2, 0.38585634977900557, 0.9522901296142041, 1.0219813916540164, -, -, -, 1.4540299739347213, 19.742970757534632, , Y, -0.060040865246596714, -0.08155992332961948, -0.20902034378612583, -0.33733639070332894, -0.0740850105551677, 0.25307831855404234, 0.20899255122798543, 0.3372988421325746, 0.5437155811433192, 0.6227662614948858, 0.541143740258764, 0.8343733368870329, 0.8900591448513804, 0.7717767745511166, 0.6534944042508528, 0.5419463989447627, 0.4850037819426293, 0.6129934581451133, 0.9765535667749498, 1.453899997608854, 1.8796236299085214, 2.31561881431033, 2.738129569670099, 3.033439627450274, 3.401789562796556, 3.8941423957817856, 4.387698901225162, 4.855123400903467, 5.319511146421679, 5.757746795257415, 6.190637999364717, 6.574505249125814, 6.773413113885489, 6.959668200307016, 7.159970868446626, 7.237686742118475, 7.315402615790324, 7.38181270071282, 7.412792635351179, 7.420075903196329, 7.3502932310265745, 7.279514635857248
8.pdb, 2, 2, 0.38585634977900557, 0.9522901296142041, 1.0219813916540164, -, -, -, 1.4540299739347213, 19.742970757534632, , Z, 0.7967694557785198, 1.2819517146689623, 1.7542854570259783, 2.226842364887618, 2.587290067537699, 2.9345018808952372, 3.390531164156829, 3.667699734149208, 3.89925829757246, 4.212789376437366, 4.69228639792356, 4.846433874633201, 5.118328304440238, 5.483262921310545, 5.848197538180852, 6.137924016392254, 6.438267104279633, 6.778919393189, 7.003251569954413, 7.126216925172821, 7.221235681317401, 7.383481356160762, 7.517411916624601, 7.44394123871939, 7.27518457753459, 7.226731673639175, 7.154824406752815, 6.995393371473699, 7.000828940048209, 6.995739864959175, 7.229124335361799, 7.519013668236803, 7.964869074938625, 8.426913027913853, 8.794318042046607, 9.281546088030879, 9.76877413401515, 10.254349650268301, 10.734746458691276, 11.166326158575927, 11.532544024590772, 11.899134056306048
8.pdb, 2, 2, 0.38585634977900557, 0.9522901296142041, 1.0219813916540164, -, -, -, 1.4540299739347213, 19.742970757534632, , distance, 0.4213827121728171, 0.8920947621901689, 1.3655950832733785, 1.8532034539959439, 2.2026132805456817, 2.574571109774048, 3.016978341572553, 3.3275197341781055, 3.648624201016802, 3.998235351467747, 4.433413741435294, 4.710028892996839, 5.07084598646006, 5.491309661658177, 5.924144206722421, 6.3273070760681485, 6.753199035732151, 7.22160483063669, 7.52490235648319, 7.715096623749204, 7.8044051689877225, 7.99690523871472, 8.174206284958467, 8.113771824885609, 8.09392673889284, 8.298073206498257, 8.496300305196604, 8.63252068079755, 8.869153716151256, 9.09480727297558, 9.562552299386972, 10.013933241568688, 10.454385673802339, 10.916515936313893, 11.292640277540624, 11.695131588287108, 12.104894931256903, 12.520405910574867, 12.939437572077171, 13.324060849134321, 13.639355042898096, 13.965103615967791
8.pdb, 2, 2, 0.38585634977900557, 0.9522901296142041, 1.0219813916540164, -, -, -, 1.4540299739347213, 19.742970757534632, , length, 0.4213827121728171, 0.9213827121728171, 1.421382712172817, 1.921382712172817, 2.421382712172817, 2.921382712172817, 3.421382712172817, 3.921382712172817, 4.421382712172817, 4.921382712172817, 5.421382712172817, 5.921382712172817, 6.421382712172817, 6.921382712172817, 7.421382712172817, 7.921382712172817, 8.421382712172818, 8.921382712172818, 9.421382712172818, 9.921382712172818, 10.421382712172818, 10.921382712172818, 11.421382712172818, 11.921382712172818, 12.421382712172818, 12.921382712172818, 13.421382712172818, 13.921382712172818, 14.421382712172818, 14.921382712172818, 15.421382712172818, 15.921382712172818, 16.421382712172818, 16.921382712172818, 17.421382712172818, 17.921382712172818, 18.421382712172818, 18.921382712172818, 19.421382712172818, 19.921382712172818, 20.421382712172818, 20.921382712172818
8.pdb, 2, 2, 0.38585634977900557, 0.9522901296142041, 1.0219813916540164, -, -, -, 1.4540299739347213, 19.742970757534632, , R, 2.040328848515302, 2.010158436551964, 1.999550357046705, 2.0646207534558183, 2.0626623734822473, 2.073167066681182, 2.032006917918171, 1.8245631179167916, 1.622099773372882, 1.529273745478229, 1.5718786482447829, 1.4205310913374054, 1.2457061380098524, 1.0951814374903142, 1.0481630609235484, 1.026321437950726, 1.0896684126173024, 1.1782716220836915, 1.1701687151890316, 1.1332521289971662, 1.054123554643119, 1.062919769604637, 1.1675962552654207, 1.230127399851096, 1.1650661150235317, 1.167530771174383, 1.2267245373153315, 1.3318785371583701, 1.435328835201738, 1.5362844606785455, 1.6619821670259902, 1.734682920870738, 1.7155347493964503, 1.716639666940347, 1.7378810798308215, 1.5887109738961185, 1.524458212678139, 1.512075050721413, 1.4683819297432341, 1.4464493912814007, 1.3806007921270764, 1.410093298824896
8.pdb, 2, 2, 0.38585634977900557, 0.9522901296142041, 1.0219813916540164, -, -, -, 1.4540299739347213, 19.742970757534632, , Upper limit of R overestimation, -, -, -, -, -, -, -, -, -, -, -, -, -, -, -, -, -, -, -, -, -, -, -, -, -, -, -, -, -, -, -, -, -, -, -, -, -, -, -, -, -, -
9.pdb, 2, 2, 0.57955690320734, 0.5454914273951579, 1.2090388916174095, -, -, -, 1.202581381160437, 16.841965403213436, , X, 8.93085179244777, 9.023679115111195, 9.053486685965938, 9.055773778518281, 9.058362647734725, 9.076915438336648, 9.084408439815634, 9.242277228125076, 9.431339883407347, 9.619673217820928, 9.8226788708272, 10.229645823206718, 10.28846452623565, 10.42538662275288, 10.545207224923024, 10.66502782709317, 10.784848429263313, 10.910109910413327, 11.080420705944322, 11.283848996221371, 11.508043199291222, 11.65393170131756, 11.738177805721454, 11.589953294037036, 11.584635643261517, 11.579068012614428, 11.583990833616626, 11.603465690714417, 11.608759660124534, 11.35182381067453, 11.054758078540585, 10.75769234640664, 10.494294621297254, 10.549062744599874, 10.745352284584257, 10.974903263549999
9.pdb, 2, 2, 0.57955690320734, 0.5454914273951579, 1.2090388916174095, -, -, -, 1.202581381160437, 16.841965403213436, , Y, -0.20480638395210957, -0.1773912041409559, 0.0342858618499593, 0.3159959149083845, 0.5977619771740709, 0.8824909145986075, 1.1860241350716323, 1.3919061444965146, 1.3493983665092946, 1.2041346594060334, 1.0794379566462893, 1.266560841649328, 1.1472948478599116, 1.5283349242407551, 1.9173549877390168, 2.3063750512372785, 2.6953951147355397, 3.0771834925335457, 3.3733547430614133, 3.7716876064636553, 4.017781564657855, 4.43522215370522, 4.764907294671987, 5.186634299020813, 5.661055483741381, 6.132523443665251, 6.431599403096432, 6.666281726301959, 6.872245619868585, 7.132661978666832, 7.368800956071515, 7.604939933476198, 7.788367959563497, 7.621511359610961, 7.417307710347132, 7.347657182600503
9.pdb, 2, 2, 0.57955690320734, 0.5454914273951579, 1.2090388916174095, -, -, -, 1.202581381160437, 16.841965403213436, , Z, -0.34916640479511013, 0.12460205933192176, 0.5665007012545127, 0.9795796467521938, 1.3926124393278119, 1.8032037521365165, 2.1837516155106034, 2.5006658759799425, 2.9471866263272863, 3.3869922772087637, 3.8141825294506697, 4.0279010705825975, 4.445987692615306, 4.731256130799843, 5.021611798027801, 5.3119674652557585, 5.602323132483716, 5.896641942446601, 6.247526366183715, 6.4670543518749, 6.831116039995583, 6.98029680927449, 7.044654891425466, 7.179008735146147, 7.336438728152667, 7.50283273121228, 7.875285159365606, 8.316357644469672, 8.754466480496184, 9.084472558177831, 9.410034125537976, 9.735595692898121, 10.08649034672876, 10.451588420251422, 10.827979875692264, 11.266246669621182
9.pdb, 2, 2, 0.57955690320734, 0.5454914273951579, 1.2090388916174095, -, -, -, 1.202581381160437, 16.841965403213436, , distance, 0.755951937957027, 0.34870066046234666, 0.3426023171990115, 0.7765207368315316, 1.2604497225523772, 1.755545020826051, 2.238152141489178, 2.634547618161556, 3.0160378537625325, 3.3764677362118016, 3.7678751548166947, 4.145425649973884, 4.500246866627263, 4.918021964775746, 5.350901602226345, 5.794597127272977, 6.246804285239934, 6.707299255467873, 7.190604647422146, 7.631336462551968, 8.119940770682021, 8.504153118174074, 8.76220238958314, 9.057484071368451, 9.457083451698843, 9.870341798418469, 10.330519045547362, 10.805416020414846, 11.25887813872069, 11.607288547139392, 11.939625091995056, 12.28332802046101, 12.62820430311989, 12.816317425620179, 13.021992545809582, 13.371933466015609
9.pdb, 2, 2, 0.57955690320734, 0.5454914273951579, 1.2090388916174095, -, -, -, 1.202581381160437, 16.841965403213436, , length, 0.755951937957027, 1.255951937957027, 1.755951937957027, 2.255951937957027, 2.755951937957027, 3.255951937957027, 3.755951937957027, 4.255951937957027, 4.755951937957027, 5.255951937957027, 5.755951937957027, 6.255951937957027, 6.755951937957027, 7.255951937957027, 7.755951937957027, 8.255951937957027, 8.755951937957027, 9.255951937957027, 9.755951937957027, 10.255951937957027, 10.755951937957027, 11.255951937957027, 11.755951937957027, 12.255951937957027, 12.755951937957027, 13.255951937957027, 13.755951937957027, 14.255951937957027, 14.755951937957027, 15.255951937957027, 15.755951937957027, 16.25595193795703, 16.75595193795703, 17.25595193795703, 17.75595193795703, 18.25595193795703
9.pdb, 2, 2, 0.57955690320734, 0.5454914273951579, 1.2090388916174095, -, -, -, 1.202581381160437, 16.841965403213436, , R, 2.0953462155184592, 2.0189969495846576, 1.9564924782107458, 1.9500515195294257, 2.0218598551878335, 2.152831137374374, 2.334819664328469, 2.3445303969754807, 2.2466296145322673, 2.1719541875197725, 2.159946902680214, 2.061429413508171, 2.1018713333700383, 1.7952381873397847, 1.527923894409634, 1.332130673658751, 1.2252428173846888, 1.2156794670790319, 1.2498859114717302, 1.2403643162565763, 1.3885276480559823, 1.4357736109006265, 1.3467832509752895, 1.4175220810163938, 1.4807122332751204, 1.6256268448739852, 1.6324772249396504, 1.6425224208556266, 1.7086866310476954, 1.729187787792353, 1.789870794425808, 1.9302577591260703, 2.108089621957541, 2.07818516767305, 1.9700332268954346, 1.8604976928150492
9.pdb, 2, 2, 0.57955690320734, 0.5454914273951579, 1.2090388916174095, -, -, -, 1.202581381160437, 16.841965403213436, , Upper limit of R overestimation, -, -, -, -, -, -, -, -, -, -, -, -, -, -, -, -, -, -, -, -, -, -, -, -, -, -, -, -, -, -, -, -, -, -, -, -
10.pdb, 2, 1, 0.4453196564874614, 0.8089629255055142, 0.9218711936665642, -, -, -, 1.3387998945580748, 17.49318498135351, , X, 8.630647840760554, 8.605571045550985, 8.598280378645038, 8.597106891402333, 8.595933404159629, 8.594759916916926, 8.510345982339096, 8.809453246426717, 8.940231929528442, 8.90406633160226, 8.86790073367608, 8.934670805479506, 9.121672716739623, 9.21416879750179, 9.210571853083621, 9.206974908665455, 9.203377964247286, 9.299046045681013, 9.38707955857202, 9.55589930644685, 9.759397750828427, 10.009290974681942, 10.259184198535458, 10.399997736245641, 10.43764706423855, 10.585115447669867, 10.874321124072518, 11.12941700169964, 11.180584657060036, 11.115717318915307, 11.070984795432821, 10.862524185797131, 10.773380879197813, 10.684237572598493, 10.595094265999174, 10.50949120668942, 10.761029298411101
10.pdb, 2, 1, 0.4453196564874614, 0.8089629255055142, 0.9218711936665642, -, -, -, 1.3387998945580748, 17.49318498135351, , Y, -0.2210575598032428, 0.12214608025126741, 0.4685842611443505, 0.8161348970416858, 1.1636855329390212, 1.5112361688363565, 1.9093891931010316, 2.308969291196412, 2.7701674051467675, 3.268498399953555, 3.766829394760342, 4.176813411440442, 4.539635907268768, 5.004939249966651, 5.504904097560129, 6.004868945153605, 6.504833792747082, 6.726674272712125, 6.8223766884533745, 6.834561680507724, 6.803933360898682, 6.716027393823858, 6.628121426749035, 6.537079768243876, 6.389385497751268, 6.2824397374503524, 6.313527850452934, 6.389354882904831, 6.598784281134044, 6.88063194069079, 7.178575049341355, 7.459720291131841, 7.450239528158607, 7.440758765185374, 7.431278002212141, 7.418474281925163, 7.094389003662419
10.pdb, 2, 1, 0.4453196564874614, 0.8089629255055142, 0.9218711936665642, -, -, -, 1.3387998945580748, 17.49318498135351, , Z, 0.3801370318536669, 0.7428799377737572, 1.1031756135717343, 1.4626296139877113, 1.822083614403688, 2.181537614819665, 2.2103366160757147, 2.2236890264902094, 2.253113173176223, 2.2720411720540645, 2.290969170931906, 2.2561639013149106, 2.4700165998329946, 2.4964732133053933, 2.5011862974001264, 2.5058993814948596, 2.5106124655895927, 2.8302023007132964, 3.3052424928434787, 3.7757224804052396, 4.22634610756318, 4.650404968601051, 5.074463829638923, 5.537828488002116, 6.014031103036241, 6.458073599656294, 6.857978053465809, 7.281270333536196, 7.698659637167896, 8.106524964505734, 8.503883421566888, 8.812852919291513, 9.304750861980834, 9.796648804670152, 10.288546747359472, 10.779345662287524, 10.994955871527424
10.pdb, 2, 1, 0.4453196564874614, 0.8089629255055142, 0.9218711936665642, -, -, -, 1.3387998945580748, 17.49318498135351, , distance, 0.19971810451376518, 0.47425547663759665, 0.9500491412620087, 1.4414362968976973, 1.9372361304744483, 2.434754413163077, 2.74542051137771, 3.04716452548892, 3.445423019776027, 3.8818311139189348, 4.332007133971005, 4.691319304664754, 5.117491629745976, 5.561031766726341, 6.02685525727146, 6.497760712250166, 6.972718569913956, 7.290505772121295, 7.557034211747073, 7.775939712870693, 7.977387673920381, 8.148524097024733, 8.34614736387806, 8.56851449495099, 8.759096406199323, 9.001790585237016, 9.357120760925714, 9.762750216560145, 10.210274648860624, 10.674392638791328, 11.148575640799725, 11.518872732609474, 11.862043084430333, 12.216042863534366, 12.579957883496126, 12.950599961037625, 12.976073577474954
10.pdb, 2, 1, 0.4453196564874614, 0.8089629255055142, 0.9218711936665642, -, -, -, 1.3387998945580748, 17.49318498135351, , length, 0.19971810451376518, 0.6997181045137651, 1.199718104513765, 1.699718104513765, 2.199718104513765, 2.699718104513765, 3.199718104513765, 3.699718104513765, 4.1997181045137655, 4.6997181045137655, 5.1997181045137655, 5.6997181045137655, 6.1997181045137655, 6.6997181045137655, 7.1997181045137655, 7.6997181045137655, 8.199718104513765, 8.699718104513765, 9.199718104513765, 9.699718104513765, 10.199718104513765, 10.699718104513765, 11.199718104513765, 11.699718104513765, 12.199718104513765, 12.699718104513765, 13.199718104513765, 13.699718104513765, 14.199718104513765, 14.699718104513765, 15.199718104513765, 15.699718104513765, 16.199718104513764, 16.699718104513764, 17.199718104513764, 17.699718104513764, 18.199718104513764
10.pdb, 2, 1, 0.4453196564874614, 0.8089629255055142, 0.9218711936665642, -, -, -, 1.3387998945580748, 17.49318498135351, , R, 1.9314936914991476, 1.752218887194344, 1.6347773136620376, 1.5974499895357706, 1.6487699924448813, 1.7841673035798686, 1.8033581521284654, 1.601229201954632, 1.4639250266187458, 1.3855271570190364, 1.402576571768867, 1.3806277556097595, 1.4362508470988875, 1.3807049141443783, 1.4017050834199474, 1.5161923400778232, 1.7131653429734623, 1.5867715019919701, 1.3207583849907831, 1.0985915917129605, 0.9616373221292187, 0.9232326376263134, 1.0008084320406454, 1.106077562536864, 1.2038995307749676, 1.3527299509046677, 1.4511908474917725, 1.5974939096918928, 1.6579606354993552, 1.7096262153127622, 1.8303365178412607, 1.9023435048057762, 1.7841269459951, 1.747115884694303, 1.7943230363173803, 1.9194162522340366, 1.8122067629853496
10.pdb, 2, 1, 0.4453196564874614, 0.8089629255055142, 0.9218711936665642, -, -, -, 1.3387998945580748, 17.49318498135351, , Upper limit of R overestimation, -, -, -, -, -, -, -, -, -, -, -, -, -, -, -, -, -, -, -, -, -, -, -, -, -, -, -, -, -, -, -, -, -, -, -, -, -
